will,4877
year,3146
nation,2653
american,1951
must,1915
can,1868
peopl,1803
congress,1721
program,1719
world,1694
govern,1598
work,1560
america,1440
state,1414
need,1337
feder,1238
help,1235
time,1080
increas,1077
continu,1076
develop,1006
countri,991
secur,976
econom,959
propos,928
last,910
tax,883
peac,874
effort,855
provid,803
administr,800
unit,800
job,793
right,781
million,748
health,739
energi,734
system,729
legisl,729
support,703
polici,701
economi,693
budget,690
forc,682
improv,663
act,662
commun,648
great,647
educ,610
problem,609
free,608
use,608
let,603
reform,596
live,588
famili,584
know,583
war,580
billion,578
power,574
respons,574
protect,572
import,569
futur,567
plan,566
opportun,556
law,547
freedom,536
care,531
defens,530
come,529
meet,528
children,527
busi,519
action,516
progress,516
give,510
good,510
product,508
area,507
school,506
hope,505
ask,504
hous,503
reduc,501
chang,499
home,498
tonight,496
togeth,493
presid,489
servic,486
today,482
major,476
cost,474
build,474
better,470
militari,467
citizen,464
intern,462
fund,460
effect,457
achiev,448
cannot,441
goal,441
creat,440
assist,439
public,436
trade,435
resourc,434
requir,433
interest,430
incom,430
strengthen,430
past,428
percent,425
human,424
next,423
price,422
growth,421
local,416
cut,410
commit,409
soviet,405
union,402
recommend,399
rate,394
gener,393
spend,390
challeng,387
life,382
want,378
end,378
part,377
expand,374
invest,373
pass,372
keep,371
industri,368
nuclear,367
believ,366
social,365
level,365
strength,364
includ,363
control,359
strong,353
toward,352
without,351
day,348
cooper,344
move,343
much,342
mean,338
inflat,332
establish,330
place,328
privat,327
addit,322
full,321
histori,320
initi,318
begin,311
step,310
benefit,309
remain,308
pay,306
employ,306
technolog,305
bill,304
save,304
ago,302
bring,301
alreadi,301
measur,300
worker,299
foreign,296
best,295
welfar,294
shall,293
share,292
author,292
face,290
women,289
present,289
grow,288
insur,288
deficit,287
balanc,286
prosper,284
men,284
agreement,283
land,281
aid,281
encourag,280
possibl,279
basic,278
dollar,275
reach,275
market,273
member,272
greater,265
offic,265
weapon,265
equal,264
result,264
special,263
success,263
enact,262
may,261
number,258
manag,257
thing,256
seek,256
arm,254
forward,254
oil,251
call,251
open,250
centuri,250
essenti,249
month,249
depart,248
depend,248
maintain,247
concern,245
train,244
serv,242
set,241
alli,241
research,240
fight,239
differ,238
farm,238
polit,237
far,237
ensur,237
stand,236
relat,236
natur,234
purpos,234
individu,233
fiscal,232
yet,232
issu,231
person,230
among,230
urg,229
agenc,229
look,228
start,226
prevent,226
lead,225
recent,224
civil,223
base,223
vital,222
citi,221
small,219
unemploy,218
advanc,218
order,215
drug,215
money,215
labor,213
decad,213
reduct,212
direct,211
upon,211
term,211
within,210
activ,210
crime,209
confid,209
agricultur,209
threat,209
hard,208
leader,207
determin,207
assur,206
becom,206
europ,206
final,206
enforc,205
done,205
standard,204
necessari,204
domest,202
effici,202
prioriti,201
record,201
water,201
commiss,200
child,200
region,199
middl,199
negoti,199
higher,199
produc,198
farmer,197
valu,197
competit,197
sure,197
institut,196
caus,195
credit,195
ahead,195
real,194
democrat,194
danger,194
independ,193
nearli,193
execut,193
wage,193
thank,192
think,192
close,192
clear,192
promot,191
rural,191
decis,191
report,190
common,190
wast,187
complet,187
abl,186
consum,184
fair,184
comprehens,184
turn,184
third,183
messag,183
cours,182
senat,182
colleg,182
rais,182
project,181
regul,181
rise,180
organ,180
east,179
afford,177
sever,177
suppli,177
demand,174
alway,174
principl,174
oper,174
democraci,174
food,174
find,174
hold,173
promis,173
preserv,173
burden,172
task,172
export,171
half,171
financi,171
leadership,171
aggress,171
communist,170
age,170
friend,170
qualiti,170
medic,170
space,169
extend,169
attack,169
spirit,168
low,168
process,168
exist,168
join,168
expect,167
young,167
student,167
stop,166
construct,166
prepar,166
carri,166
faith,165
taken,164
limit,164
larg,164
parent,164
grant,164
abroad,163
submit,163
societi,163
sound,162
role,162
elimin,162
design,161
modern,161
deal,160
allow,159
across,159
environ,159
transport,159
mr,159
parti,156
reason,155
environment,155
renew,154
seriou,154
stabil,154
fact,153
man,153
justic,152
point,152
tri,151
conserv,151
recogn,150
group,150
contribut,149
substanti,149
learn,148
around,147
test,147
object,147
abil,146
lower,145
period,145
receiv,144
certain,144
elect,144
treati,144
asia,144
fulli,143
honor,143
scienc,142
safeti,142
chanc,142
current,142
hand,142
vote,141
veteran,141
sourc,141
respect,141
exampl,141
histor,141
throughout,141
singl,140
vigor,140
posit,140
self,140
sign,139
repres,139
pursu,139
total,138
matter,138
address,137
strateg,137
field,135
fellow,135
took,135
air,134
understand,134
enough,134
capac,134
expenditur,133
loan,133
terrorist,132
threaten,132
given,131
alon,131
implement,131
signific,131
dream,131
sector,130
therefor,130
iraq,129
partnership,129
idea,129
restor,129
trust,128
follow,128
financ,128
reserv,128
stronger,128
clean,128
revenu,128
approv,127
bank,127
permit,127
send,127
foundat,127
week,126
longer,126
approach,126
almost,126
skill,125
studi,125
urban,125
teacher,125
account,124
critic,124
proud,124
constitut,124
doubl,124
condit,123
global,123
incent,123
washington,123
earli,122
line,122
accomplish,122
emerg,121
highest,121
kind,121
adequ,121
question,120
appropri,120
inform,119
struggl,119
return,119
often,119
thousand,119
regulatori,119
whole,119
away,118
show,118
relationship,118
amend,117
demonstr,116
avail,116
especi,116
rule,116
china,116
tell,115
god,115
materi,114
debt,114
side,114
involv,114
minor,114
liberti,114
rest,113
entir,113
vietnam,113
readi,112
crisi,112
access,112
medicar,111
request,111
missil,110
leav,110
session,110
review,110
deserv,110
difficult,110
earn,110
begun,110
payment,109
press,109
capabl,109
choic,108
beyond,108
conflict,108
compani,108
reorgan,107
soon,107
greatest,107
coverag,107
poverti,107
africa,107
particip,107
resolv,107
talk,107
found,106
capit,106
sens,106
enhanc,106
taxpay,106
afghanistan,105
practic,105
terror,105
someth,105
bipartisan,105
congression,104
recoveri,104
offer,104
defend,104
speaker,104
earth,104
true,103
basi,103
moment,103
retir,103
enterpris,102
gain,102
pledg,102
safe,102
declin,102
chamber,101
word,101
rang,101
fuel,101
expans,100
solv,100
branch,100
heart,100
choos,100
fear,100
realiz,100
rememb,99
agre,99
immedi,99
south,99
employe,98
risk,98
ii,98
poor,98
affair,98
enabl,97
form,97
popul,97
korea,97
courag,97
key,97
transit,97
speak,96
confer,96
brought,96
behind,96
enemi,95
allianc,95
structur,95
run,94
white,94
whose,94
particularli,94
confront,94
integr,94
fail,94
answer,94
consid,94
equip,93
launch,93
north,93
facil,93
hour,93
noth,93
situat,93
adopt,92
abus,92
recess,92
laughter,92
play,91
hospit,91
ideal,91
along,91
republ,90
corpor,90
sustain,90
attent,90
flexibl,90
strategi,90
disabl,90
partner,90
remov,90
pollut,90
district,90
oblig,89
short,89
succeed,89
hundr,89
collect,89
central,88
mutual,88
littl,88
bless,88
atom,87
fundament,87
troop,87
built,87
reward,86
profit,86
republican,86
neighbor,86
strike,86
avoid,85
iran,85
diseas,85
big,85
youth,85
committe,84
duti,84
might,84
fulfil,84
offici,84
discrimin,84
intend,83
buy,83
began,83
race,83
contain,83
happen,83
potenti,83
held,83
non,82
guarante,82
class,82
passag,81
secretari,81
target,81
left,81
nato,81
perman,81
ga,81
particular,80
specif,80
announc,80
fall,80
ad,80
experi,80
immigr,79
era,79
discuss,79
instead,79
vice,78
council,78
western,78
innov,77
european,77
enter,76
lose,76
perform,76
accept,76
coal,76
averag,76
sent,76
border,76
relief,76
coordin,76
intellig,76
debat,76
urgent,76
adjust,75
combat,75
senior,75
annual,75
convent,75
agenda,75
treatment,75
aim,75
clearli,75
stabl,75
pressur,74
rather,74
tomorrow,74
compet,74
iraqi,74
plant,73
wide,73
solar,73
respond,73
unless,73
firm,73
highway,73
polic,73
met,73
moral,73
street,73
minimum,73
break,73
troubl,73
campaign,72
amount,72
mission,72
violenc,72
cultur,72
got,72
reflect,72
destruct,72
affect,71
park,71
win,71
disast,71
increasingli,71
dramat,71
barrier,71
court,70
teach,70
sacrific,70
indian,70
case,70
simpli,70
later,70
directli,70
crimin,70
lost,70
tradit,69
destroy,69
top,69
endur,69
largest,69
whatev,68
delay,68
scientif,68
wise,68
love,68
stay,68
surplu,68
digniti,67
subject,67
stimul,67
wrong,67
mind,67
road,67
purchas,67
head,67
tie,67
desir,67
everyth,67
neighborhood,67
speed,66
thu,66
center,66
influenc,66
lot,66
came,66
solut,66
shape,65
kid,65
simpl,65
revolut,65
steadi,65
truli,64
refuge,64
event,64
japan,64
mortgag,64
welcom,64
add,64
suffer,64
rapidli,64
impos,64
strongli,64
guid,64
despit,63
cover,63
vast,63
quickli,63
januari,63
easi,63
deliv,63
univers,63
latin,63
mobil,62
detail,62
led,62
element,62
expens,62
focu,62
prompt,62
attempt,62
consist,62
broad,62
consult,61
spread,61
ill,61
per,61
hemispher,61
ultim,61
deni,61
mass,60
consolid,60
west,60
resolut,60
provis,60
extens,60
uniti,60
tough,60
method,59
rebuild,59
flow,59
conduct,59
consider,59
ignor,59
wait,59
fy,59
tool,59
older,59
creation,59
combin,59
monetari,59
fourth,59
obtain,59
unnecessari,58
governor,58
gun,58
lack,58
failur,58
explor,58
ground,57
pleas,57
civilian,57
complex,57
none,57
appli,56
applaus,56
hire,56
al,56
near,56
regim,56
safeguard,56
settlement,56
drive,56
healthi,56
path,56
joint,55
promptli,55
stake,55
voluntari,55
neither,55
cold,55
realli,55
spent,55
everyon,55
walk,55
evid,55
engag,55
strive,55
lift,55
elderli,54
concentr,54
corp,54
emphasi,54
pension,54
acceler,54
realiti,54
qaida,54
emphas,54
watch,54
distinguish,54
massiv,53
view,53
dedic,53
knowledg,53
manufactur,53
separ,53
express,53
grown,53
engin,53
anti,53
doubt,53
either,53
lie,53
mankind,53
altern,53
ship,52
framework,52
restraint,52
gulf,52
read,52
atlant,52
prove,52
death,52
doctor,52
charter,52
replac,52
impact,52
associ,52
rapid,51
els,51
enorm,51
correct,51
victori,51
lowest,51
actual,51
visit,51
eight,51
finish,51
though,51
devot,51
river,51
seem,51
persist,51
item,51
art,51
sought,50
safer,50
mere,50
kill,50
june,50
commod,50
deploy,50
enjoy,50
abund,50
suffici,50
mental,50
light,50
march,50
technic,50
defeat,50
search,49
belief,49
israel,49
command,49
divers,49
privaci,49
personnel,49
earlier,49
shortag,49
restrict,48
alaska,48
hazard,48
born,48
code,48
prospect,48
check,48
heritag,48
factori,48
victim,48
gone,48
ten,48
advantag,48
truth,48
ye,48
pride,47
domin,47
remind,47
vision,47
oversea,47
estim,47
saw,47
door,47
mark,47
connect,47
battl,47
armi,47
everywher,47
select,47
root,46
date,46
bear,46
known,46
transfer,46
closer,46
mother,46
bad,46
feel,46
divid,46
deterr,46
classroom,46
travel,46
wish,46
six,46
uniform,46
function,45
size,45
judg,45
abandon,45
black,45
greatli,45
grain,45
cabinet,45
paperwork,45
forg,45
thought,45
sale,45
fire,45
adversari,45
regard,45
overal,45
talent,45
convict,44
ratif,44
prolifer,44
declar,44
inde,44
compass,44
unpreced,44
wisdom,44
revis,44
decid,44
foster,44
railroad,44
presidenti,44
releas,44
charg,44
board,43
assum,43
statu,43
procedur,43
shortli,43
favor,43
resist,43
aspir,43
isol,43
veto,43
front,43
deter,43
deep,43
excess,42
inspir,42
legal,42
commerci,42
although,42
previou,42
career,42
becam,42
excel,42
paid,42
decent,42
medicaid,42
liber,42
ocean,42
primari,42
disrupt,42
town,42
outsid,42
car,42
undertak,42
significantli,42
creativ,42
proper,42
movement,42
seven,41
larger,41
oppos,41
weaken,41
government,41
conclud,41
violat,41
steadili,41
african,41
handicap,41
chemic,41
lay,41
pursuit,41
satellit,41
voic,41
difficulti,41
defin,41
predict,41
revit,41
slow,41
realist,41
anyth,41
disciplin,41
shift,41
transform,41
outlin,41
inflationari,41
except,40
invit,40
fix,40
flood,40
peacetim,40
math,40
ratifi,40
wealth,40
revers,39
destini,39
subsidi,39
costli,39
reauthor,39
bargain,39
charact,39
damag,39
scale,39
master,39
pacif,39
laid,39
post,39
summer,39
reject,39
needi,39
crop,39
graduat,39
summit,39
sometim,39
convinc,39
properti,39
scientist,38
deregul,38
disput,38
wonder,38
volunt,38
hear,38
fraud,38
therebi,38
john,38
prison,38
compens,38
pakistan,38
owe,38
ban,38
uniqu,38
wall,38
depress,38
stori,38
match,37
worth,37
overcom,37
woman,37
frontier,37
celebr,37
saddam,37
kept,37
attract,37
fast,37
endang,37
septemb,37
chief,37
neglect,37
manpow,37
honest,37
princip,37
factor,37
loss,37
intent,37
crucial,37
guest,37
illeg,37
juli,37
fill,37
consequ,36
mile,36
bodi,36
ladi,36
wherev,36
proceed,36
eas,36
worthi,36
quarter,36
elig,36
medicin,36
virtual,36
easier,36
repeat,36
automobil,36
pose,36
salt,36
divis,36
mine,35
violent,35
appoint,35
marin,35
night,35
trillion,35
gave,35
suggest,35
spur,35
insist,35
climat,35
mainten,35
heavi,35
expir,35
forest,35
listen,35
decemb,35
disadvantag,35
columbia,35
supplement,35
rich,35
heard,35
restrain,35
wors,35
anyon,35
rehabilit,35
equit,34
late,34
feed,34
uncertainti,34
examin,34
accord,34
fifth,34
patient,34
shore,34
hunger,34
addict,34
imagin,34
seri,34
pattern,34
told,34
exchang,34
invas,34
persian,34
undertaken,34
asid,34
bureaucraci,33
conclus,33
constant,33
simplifi,33
reinforc,33
harm,33
util,33
deepli,33
extrem,33
sit,33
distribut,33
surviv,33
forget,33
servant,33
instrument,33
treat,33
similar,33
eastern,33
gap,33
warn,33
stock,33
overwhelm,33
went,33
concept,33
religi,32
twice,32
russia,32
secondari,32
applic,32
surplus,32
unfinish,32
endow,32
push,32
temporari,32
site,32
sea,32
dispos,32
sell,32
investig,32
former,32
acr,32
treasuri,32
die,32
weak,32
assess,31
evil,31
assembl,31
preciou,31
maximum,31
merit,31
partisan,31
unfortun,31
grate,31
describ,31
contin,31
april,31
drop,31
draw,31
reli,31
punish,31
moder,31
shown,31
exercis,31
judici,31
privileg,31
truck,31
occur,30
necess,30
grade,30
un,30
lend,30
withdraw,30
miner,30
otherwis,30
electr,30
pend,30
rail,30
happi,30
phase,30
wildlif,30
hit,30
seiz,30
occas,30
meaning,30
broader,30
compar,30
alloc,30
aircraft,30
serious,30
sick,30
mistak,30
administ,30
pain,30
firmli,30
commerc,30
mechan,30
spiritu,30
frustrat,30
option,30
endeavor,29
explos,29
father,29
strongest,29
penalti,29
adult,29
brave,29
hussein,29
consumpt,29
tragedi,29
hostil,29
dictat,29
decreas,29
solid,29
stood,29
kennedi,29
nurs,29
advisori,29
moreov,29
innoc,29
tyranni,29
conscienc,29
ruler,29
gather,29
streamlin,29
circumst,28
territori,28
stamp,28
church,28
bicentenni,28
contract,28
soldier,28
diplomat,28
undermin,28
reaffirm,28
ambit,28
alik,28
deliveri,28
panama,28
deduct,28
oppress,28
cancer,28
wilder,28
lesson,28
afghan,28
landmark,28
output,28
india,28
claim,28
caribbean,28
manner,28
percentag,28
model,28
ballist,28
indic,28
intens,27
roll,27
occup,27
arriv,27
novemb,27
southeast,27
block,27
variou,27
worst,27
recipi,27
yield,27
proven,27
steel,27
gross,27
germani,27
submarin,27
momentum,27
globe,27
possess,27
prescript,27
forth,27
orderli,27
racial,27
sugar,27
stress,27
highli,27
pictur,27
televis,27
inequ,27
resid,27
tactic,27
main,27
smaller,27
trend,27
awar,27
huge,27
broaden,27
diplomaci,27
empow,27
approxim,26
internet,26
ration,26
fallen,26
cuba,26
soil,26
spoke,26
enrich,26
homeland,26
counti,26
due,26
recreat,26
nutrit,26
reliabl,26
multilater,26
comput,26
strain,26
tension,26
borrow,26
berlin,26
toler,26
profession,26
faster,26
won,26
handl,26
outlay,26
extent,26
airlin,26
februari,26
camp,26
prohibit,26
normal,26
cash,26
spring,26
recognit,26
aspect,26
bigger,26
marriag,26
coalit,26
guard,26
statut,26
tremend,26
elsewher,26
type,26
fortun,26
knew,26
tuition,26
schedul,26
unfair,26
track,26
paycheck,26
disarma,26
red,26
perhap,26
recov,26
everybodi,26
arrang,26
eventu,26
anticip,26
beauti,26
stride,25
station,25
extra,25
daili,25
despair,25
curb,25
felt,25
custom,25
intensifi,25
opposit,25
indispens,25
formula,25
halt,25
catastroph,25
vigil,25
mount,25
son,25
hero,25
sensit,25
cleaner,25
postal,25
remark,25
zone,25
opinion,25
eisenhow,25
mention,25
scope,25
asian,25
presenc,25
network,25
net,25
broken,25
california,25
bond,25
worldwid,25
biggest,25
physic,25
subsid,25
retain,25
terribl,25
discourag,24
quit,24
attain,24
score,24
legaci,24
postur,24
gasolin,24
inspector,24
roosevelt,24
belong,24
gradual,24
mandat,24
absolut,24
folk,24
counsel,24
meant,24
observ,24
introduc,24
inner,24
apart,24
chosen,24
sensibl,24
lobbi,24
inevit,24
asset,24
inadequ,24
edg,24
southern,24
genuin,24
peril,24
procur,24
wheat,24
hardship,24
relianc,23
friendship,23
imposs,23
lifetim,23
entrepreneur,23
lock,23
settl,23
staff,23
offens,23
mandatori,23
refus,23
counter,23
someon,23
fewer,23
portion,23
behalf,23
flourish,23
harder,23
link,23
elementari,23
vulner,23
eye,23
mayor,23
sum,23
planet,23
inaugur,23
mexico,23
bomb,23
jurisdict,23
justifi,23
wind,23
fairli,23
outer,23
name,23
list,23
packag,23
flag,23
nevertheless,23
profound,23
infant,23
barrel,22
tide,22
confirm,22
murder,22
machineri,22
island,22
comfort,22
distress,22
ownership,22
cycl,22
bridg,22
star,22
obstacl,22
advis,22
subvers,22
meanwhil,22
friendli,22
aliv,22
agent,22
concert,22
port,22
interdepend,22
identifi,22
quest,22
evalu,22
experienc,22
sixti,22
gift,22
freez,22
ideolog,22
draft,22
truman,22
egypt,22
canal,22
cent,22
room,22
sake,22
overdu,22
entitl,22
teenag,22
attitud,22
bold,22
businessmen,22
survivor,21
count,21
inherit,21
heroin,21
write,21
wit,21
payrol,21
coupl,21
worri,21
inspect,21
boom,21
constantli,21
babi,21
narrow,21
ineffici,21
letter,21
ton,21
tech,21
round,21
imper,21
chines,21
workplac,21
regardless,21
forev,21
prevail,21
primarili,21
marketplac,21
inter,21
trial,21
retreat,21
navi,21
armament,21
perfect,21
degre,21
breakthrough,21
analysi,21
traffic,20
embrac,20
prime,20
distant,20
scholarship,20
hostag,20
section,20
risen,20
canada,20
franklin,20
cell,20
owner,20
grew,20
prudent,20
duplic,20
salari,20
crippl,20
adapt,20
consensu,20
cure,20
tripl,20
pace,20
biolog,20
affirm,20
geniu,20
minim,20
discoveri,20
decenc,20
stockpil,20
fruit,20
plane,20
embodi,20
nicaragua,20
toxic,20
lobbyist,20
whenev,20
complianc,20
aris,20
newli,20
written,20
crise,20
suprem,20
interst,20
widespread,20
repeal,19
outstand,19
dare,19
team,19
disord,19
page,19
repair,19
candid,19
equival,19
tape,19
continent,19
facilit,19
ambiti,19
antitrust,19
qualifi,19
focus,19
nativ,19
fought,19
unabl,19
blame,19
yesterday,19
palestinian,19
compromis,19
fighter,19
origin,19
exceed,19
secret,19
passeng,19
resort,19
twenti,19
dictatorship,19
background,19
previous,19
surround,19
satisfi,19
richard,19
spiral,19
cope,19
accid,19
storag,19
poland,19
properli,19
earmark,19
alien,19
memori,19
extremist,19
nationwid,19
turkey,19
cornerston,19
synthet,19
summon,18
marshal,18
heat,18
rid,18
escap,18
discov,18
surg,18
minist,18
underway,18
pull,18
anywher,18
corner,18
budgetari,18
arbitrari,18
grandchildren,18
piec,18
note,18
shoulder,18
sole,18
octob,18
sun,18
attend,18
leas,18
devast,18
bound,18
symbol,18
doctrin,18
acut,18
rescu,18
girl,18
bilater,18
techniqu,18
sweep,18
heavili,18
wrote,18
deeper,18
accordingli,18
titl,18
household,18
stage,18
sponsor,18
citizenship,18
channel,18
naval,18
legitim,18
compon,18
soar,18
pregnanc,18
machin,18
prayer,18
attorney,18
fresh,18
korean,18
lincoln,18
radic,18
crude,18
fals,18
fit,18
remedi,18
judgment,18
cuban,18
weather,18
termin,17
precis,17
deadli,17
ceil,17
needless,17
nine,17
transmit,17
shuttl,17
enlarg,17
confus,17
prefer,17
hate,17
wartim,17
disappoint,17
disclosur,17
numer,17
foremost,17
displac,17
eager,17
advic,17
southwest,17
fastest,17
shut,17
expert,17
infrastructur,17
wider,17
carrier,17
quick,17
condemn,17
coast,17
compel,17
geneva,17
loophol,17
insid,17
bitter,17
pioneer,17
sacr,17
dynam,17
earliest,17
coven,17
vehicl,17
interfer,17
beneficiari,17
sanction,17
probabl,17
await,17
reliev,17
obsolet,17
freer,17
chao,17
notic,17
assign,17
fee,17
bomber,17
fleet,17
captur,17
outcom,17
rel,17
data,17
peak,17
uphold,17
enlist,17
liabil,17
reciproc,17
substitut,17
tragic,17
compassion,17
journey,17
solemn,17
commonsens,17
cross,17
shelter,17
substanc,17
va,17
aggressor,17
scarc,17
unifi,17
swift,17
harmoni,17
assault,17
instal,17
usual,17
tire,17
york,17
ordinari,17
accumul,17
shock,17
burn,17
hungri,17
windfal,16
dear,16
complic,16
har,16
color,16
waterway,16
reactor,16
empir,16
august,16
afraid,16
broadcast,16
varieti,16
homeown,16
founder,16
deliber,16
allevi,16
steadfast,16
represent,16
depreci,16
midst,16
categor,16
millennium,16
turmoil,16
empti,16
benefici,16
grave,16
dump,16
maritim,16
document,16
appar,16
acquir,16
protection,16
iii,16
slowli,16
bureaucrat,16
sudden,16
rent,16
shrink,16
lebanon,16
haven,16
emiss,16
prosecut,16
radio,16
liter,16
currenc,16
figur,16
recruit,16
congratul,16
urgenc,16
strict,16
patienc,16
collaps,16
tariff,16
jeopard,16
harbor,16
disappear,16
acknowledg,16
collabor,16
accommod,16
petroleum,16
intimid,16
colleagu,16
boost,16
gratifi,16
membership,16
monitor,16
upgrad,16
refer,16
brutal,16
monument,15
airport,15
height,15
persever,15
modest,15
locat,15
heal,15
fine,15
corrupt,15
storm,15
fate,15
translat,15
outdat,15
dwight,15
willing,15
poison,15
standbi,15
patriot,15
equiti,15
languag,15
dialogu,15
deepest,15
frequent,15
greec,15
straight,15
atmospher,15
iron,15
seventi,15
hurt,15
bar,15
finest,15
sight,15
realism,15
bind,15
book,15
spite,15
applaud,15
raw,15
tabl,15
argument,15
philadelphia,15
convert,15
wealthiest,15
organiz,15
rose,15
regain,15
speech,15
pact,15
verifi,15
distort,15
deed,15
restructur,15
tackl,15
certainli,15
fbi,15
valley,15
arsen,15
news,15
hardest,15
guidanc,15
core,15
intellectu,15
excis,15
auto,15
reconcili,15
exclus,15
zero,15
gold,15
shadow,15
proport,15
quantiti,15
notabl,15
sharpli,15
appreci,15
menac,15
reconstruct,15
daughter,15
vietnames,14
younger,14
interag,14
statement,14
americorp,14
freeli,14
accompani,14
exempt,14
laboratori,14
plenti,14
gratitud,14
occupi,14
volum,14
dr,14
appear,14
arab,14
fashion,14
imperi,14
recal,14
interrupt,14
ceas,14
oath,14
bankruptci,14
forecast,14
chart,14
overnight,14
cherish,14
anniversari,14
tempt,14
constraint,14
immun,14
congressman,14
stimulu,14
desert,14
miracl,14
rigid,14
basin,14
superior,14
closest,14
dimens,14
moon,14
unleash,14
smallest,14
treasur,14
alter,14
childhood,14
stick,14
philippin,14
prior,14
flight,14
scene,14
signal,14
instanc,14
dozen,14
prepared,14
deterior,14
impair,14
premium,14
touch,14
bradi,14
depriv,14
outrag,14
ceta,14
deposit,14
extern,14
squar,14
giant,14
humphrey,14
longest,14
vocat,14
birth,14
temptat,14
stagger,14
shine,14
conquest,14
conven,14
drink,14
islam,14
desk,14
error,14
miss,14
cap,14
sixth,14
librari,14
gang,14
shield,13
chronic,13
row,13
importantli,13
tobacco,13
shot,13
desper,13
totalitarian,13
wear,13
weight,13
tougher,13
outmod,13
boy,13
overlap,13
defer,13
mom,13
injustic,13
pregnant,13
accur,13
refug,13
frankli,13
wake,13
stifl,13
exploit,13
concret,13
reviv,13
earnestli,13
wife,13
cynic,13
featur,13
sunset,13
irrespons,13
warfar,13
dealt,13
deadlin,13
licens,13
teen,13
surfac,13
expediti,13
fisheri,13
sergeant,13
behavior,13
thrive,13
enrol,13
metropolitan,13
struck,13
aisl,13
likewis,13
disturb,13
popular,13
oldest,13
tight,13
digit,13
hill,13
spoken,13
somewhat,13
plain,13
georg,13
perspect,13
wound,13
exactli,13
uncertain,13
user,13
russian,13
credibl,13
pre,13
boundari,13
intervent,13
blow,13
birthday,13
advoc,13
trap,13
survey,13
hatr,13
intoler,13
capitol,13
unaccept,13
postpon,13
regular,13
guidelin,13
hall,13
monopoli,13
appeal,13
lake,13
turbul,12
investor,12
briefli,12
tv,12
shortcom,12
cohes,12
homeless,12
suspens,12
repeatedli,12
preced,12
smart,12
erod,12
excit,12
ineffect,12
shop,12
traffick,12
spill,12
discharg,12
instruct,12
fullest,12
hot,12
burdensom,12
pocket,12
overrid,12
convers,12
controversi,12
hesit,12
consent,12
militarili,12
affili,12
uncontrol,12
rout,12
rock,12
skyrocket,12
juvenil,12
drought,12
devis,12
endors,12
bare,12
interpret,12
david,12
assert,12
discriminatori,12
readjust,12
pray,12
complac,12
contact,12
embargo,12
fairer,12
buildup,12
deleg,12
disagre,12
rare,12
meantim,12
definit,12
outlook,12
fault,12
durabl,12
valuabl,12
illus,12
delinqu,12
king,12
bosnia,12
exhaust,12
thrift,12
segment,12
mentor,12
extraordinari,12
expedit,12
plot,12
interior,12
outlaw,12
tribut,12
host,12
chair,12
moscow,12
civic,12
iranian,12
caught,12
baghdad,12
boldli,12
lawsuit,12
media,12
statehood,12
artifici,12
eighth,12
iv,12
chairman,12
sex,12
notion,12
humanitarian,12
wild,12
imag,12
withhold,12
quota,12
diploma,12
ethic,12
glad,12
britain,12
admit,12
abid,12
re,12
dead,12
harsh,11
earner,11
statutori,11
categori,11
instabl,11
gasohol,11
absenc,11
foot,11
carolina,11
trigger,11
indefinit,11
vari,11
contrast,11
satisfact,11
taxat,11
nomin,11
typic,11
fiber,11
upward,11
intergovernment,11
habit,11
remot,11
nois,11
kremlin,11
index,11
japanes,11
undocu,11
overhaul,11
northern,11
instant,11
eighti,11
torn,11
temporarili,11
undergo,11
reveal,11
thorough,11
automat,11
revolutionari,11
honestli,11
cargo,11
tighten,11
sovereign,11
franc,11
alert,11
slip,11
rank,11
spark,11
tear,11
suit,11
distanc,11
electron,11
strife,11
gentlemen,11
trip,11
bottom,11
toughest,11
fish,11
chariti,11
rivalri,11
lessen,11
climb,11
slash,11
narcot,11
absorb,11
audienc,11
proclaim,11
uranium,11
boycott,11
hearten,11
drastic,11
explod,11
reaction,11
allegi,11
obscur,11
multipl,11
floor,11
resum,11
repress,11
curtain,11
feet,11
ingenu,11
idl,11
deepen,11
prolong,11
tokyo,11
sat,11
english,11
disarm,11
argu,11
grip,11
quiet,11
patrol,11
forti,11
conquer,11
systemat,11
pretend,11
tendenc,11
unwis,11
defici,11
smarter,11
miseri,11
colombia,11
brighter,11
map,11
hiv,11
pennsylvania,11
spanish,10
viet,10
resettl,10
mortal,10
legislatur,10
invent,10
drain,10
slum,10
forgotten,10
driven,10
psycholog,10
surpris,10
vessel,10
usa,10
dc,10
minut,10
nobl,10
pile,10
grace,10
setback,10
poorest,10
underli,10
necessarili,10
slaveri,10
disagr,10
intercontinent,10
inventori,10
rental,10
bounti,10
workabl,10
tom,10
isra,10
chip,10
profess,10
bureau,10
religion,10
taught,10
mountain,10
passion,10
seventh,10
suitabl,10
meal,10
peninsula,10
swiftli,10
cruis,10
persuad,10
christma,10
imped,10
cheaper,10
reinvent,10
tortur,10
florida,10
breath,10
buyer,10
ampl,10
redtap,10
offset,10
entri,10
awaken,10
champion,10
badli,10
margin,10
curtail,10
card,10
pell,10
advers,10
australia,10
devic,10
conting,10
spare,10
depth,10
receipt,10
mississippi,10
blind,10
coloni,10
famin,10
cyclic,10
utmost,10
wave,10
broadli,10
texa,10
theater,10
latest,10
partisanship,10
dark,10
hide,10
mail,10
ran,10
sandinista,10
harvest,10
congest,10
embark,10
angel,10
dime,10
stem,10
hawaii,10
nigeria,10
award,10
bracket,10
widen,10
gi,10
nam,10
seat,10
superpow,10
hawkin,10
impress,10
dawn,10
resili,10
thrust,10
creed,10
abraham,10
decisionmak,10
humbl,10
threshold,10
unwarr,10
contractor,10
glori,10
creator,10
thirti,10
reagan,10
gore,10
format,10
fli,10
profoundli,10
arrest,10
anew,10
coastal,10
bright,10
implic,10
consciou,10
buse,10
asean,10
earnest,10
hispan,10
ongo,10
servicemen,10
lawyer,10
context,10
mode,10
bolster,10
ventur,9
reded,9
inconsist,9
align,9
hungari,9
fuller,9
motiv,9
refund,9
warsaw,9
luxuri,9
panel,9
unparallel,9
mainstream,9
academ,9
sky,9
tribal,9
taliban,9
comment,9
handgun,9
disloc,9
sincer,9
pilot,9
belov,9
weigh,9
polari,9
pick,9
harri,9
amid,9
amaz,9
escal,9
quo,9
horizon,9
irrig,9
unmatch,9
sentenc,9
experiment,9
sharp,9
bu,9
coercion,9
feasibl,9
unlimit,9
morn,9
sdi,9
ceo,9
winter,9
placement,9
soul,9
vastli,9
battlefield,9
scenic,9
fifti,9
dismantl,9
namibia,9
hillari,9
pari,9
smoke,9
michel,9
mayb,9
sophist,9
merchant,9
lag,9
avenu,9
uninterrupt,9
reckless,9
revolution,9
injuri,9
cri,9
stringent,9
holocaust,9
villag,9
interim,9
homework,9
discretionari,9
contrari,9
crack,9
repay,9
rhodesia,9
supplier,9
reclam,9
suspend,9
scourg,9
undu,9
gate,9
biden,9
yearn,9
cori,9
resent,9
tip,9
stir,9
killer,9
divert,9
fha,9
ravag,9
orient,9
explain,9
malaria,9
philosophi,9
gear,9
evolv,9
game,9
salut,9
unborn,9
partial,9
compos,9
pleasant,9
understood,9
poll,9
director,9
ira,9
theme,9
crowd,9
telecommun,9
frank,9
lao,9
freed,9
constitu,9
worship,9
indochina,9
paper,9
blueprint,9
haiti,9
frivol,9
invad,9
ukrain,9
imparti,9
incid,9
nobodi,9
coher,9
livabl,9
fare,9
defi,9
retali,9
homeownership,9
warhead,9
tend,9
monthli,9
postwar,9
empower,9
congo,8
echo,8
afflict,8
promin,8
dialog,8
shatter,8
drift,8
sold,8
inabl,8
everyday,8
tangibl,8
horror,8
dividend,8
batteri,8
alarm,8
immens,8
pretti,8
cloth,8
warm,8
unstabl,8
ident,8
tenth,8
ambassador,8
bulk,8
uninsur,8
clinic,8
underscor,8
unlik,8
admiss,8
hunt,8
nixon,8
jet,8
twelv,8
nurtur,8
fertil,8
apprais,8
nasa,8
redirect,8
crash,8
shelf,8
satisfactori,8
everglad,8
paus,8
unanim,8
exclud,8
falter,8
degrad,8
formul,8
eeoc,8
trident,8
lunch,8
charit,8
gr,8
brief,8
forthcom,8
crush,8
countrysid,8
multi,8
probe,8
forum,8
vii,8
ancient,8
blight,8
abort,8
someday,8
freight,8
generos,8
exert,8
cheney,8
store,8
gallon,8
incred,8
altogeth,8
somehow,8
rudman,8
retail,8
patent,8
underserv,8
youngest,8
embassi,8
penni,8
cypru,8
bush,8
caution,8
rubber,8
armistic,8
sorrow,8
saudi,8
helpless,8
cleanup,8
familiar,8
thoma,8
adequaci,8
grader,8
decontrol,8
dread,8
refin,8
firefight,8
grassroot,8
regist,8
plight,8
suppos,8
simplif,8
captiv,8
clearer,8
successor,8
reexamin,8
ethnic,8
music,8
greenhous,8
paint,8
hang,8
udag,8
laugh,8
husband,8
vaccin,8
bullet,8
drill,8
carbon,8
chicago,8
ralli,8
workforc,8
certif,8
de,8
statist,8
expos,8
gramm,8
multipli,8
catch,8
spot,8
plagu,8
quarrel,8
circl,8
magnific,8
admir,8
libya,8
sam,8
widow,8
stewardship,8
publicli,8
judgeship,8
segreg,8
preschool,8
disclos,8
beat,8
wipe,8
unusu,7
stretch,7
breed,7
file,7
hatch,7
specul,7
lender,7
nowher,7
holl,7
dad,7
rebuilt,7
german,7
calcul,7
assumpt,7
incur,7
hopeless,7
readili,7
backlog,7
st,7
tangl,7
airplan,7
colorado,7
underground,7
bin,7
alaskan,7
fed,7
mighti,7
paralyz,7
interrel,7
conform,7
culmin,7
visitor,7
anim,7
migrat,7
surrend,7
panic,7
lab,7
oversight,7
bench,7
fragment,7
bloc,7
pd,7
orbit,7
jim,7
foresight,7
reclaim,7
jefferson,7
joy,7
horn,7
municip,7
conceal,7
occasion,7
intrus,7
inequit,7
unexpect,7
partli,7
wiretap,7
enlighten,7
oa,7
unrel,7
somewher,7
virginia,7
choke,7
imperialist,7
syria,7
anger,7
speci,7
preliminari,7
strip,7
unjustifi,7
refinanc,7
ireland,7
video,7
suburb,7
stagnat,7
agoni,7
burma,7
gene,7
tower,7
obvious,7
superfund,7
publish,7
coffe,7
calendar,7
slogan,7
ussr,7
reliant,7
isolation,7
unchang,7
diminish,7
steam,7
reshap,7
viii,7
toll,7
certainti,7
tutor,7
avert,7
clarifi,7
updat,7
protocol,7
zimbabw,7
analyz,7
outset,7
desegreg,7
confere,7
mess,7
prejudic,7
departur,7
adher,7
luther,7
loyalti,7
detect,7
shipbuild,7
selfish,7
honesti,7
estat,7
drawn,7
powerpl,7
inappropri,7
detent,7
spous,7
compris,7
martin,7
motor,7
endless,7
shi,7
donor,7
optimist,7
metric,7
finger,7
load,7
jr,7
hardwork,7
brazil,7
judiciari,7
fabric,7
virtu,7
unneed,7
contempl,7
surveil,7
acreag,7
maze,7
tirelessli,7
preexist,7
rival,7
denial,7
evolut,7
tap,7
ripe,7
anxieti,7
braveri,7
metal,7
pipelin,7
modifi,7
web,7
joe,7
breeder,7
wetland,7
intermedi,7
extraordinarili,7
unfairli,7
highlight,7
builder,7
prosecutor,7
brotherhood,7
policeman,7
pure,7
brain,7
heaven,7
flee,7
provinc,7
throw,7
classif,7
alcohol,7
countless,7
prematur,7
forefath,7
literaci,7
tank,7
indonesia,7
redoubl,7
gnp,7
rigor,7
bet,7
pesticid,7
contest,7
insecur,7
cambodia,7
quadrupl,7
induc,7
exemplifi,7
blood,7
calm,7
somalia,7
unilater,7
unwant,7
proudli,7
obviou,7
content,7
broke,7
skeptic,7
furthermor,7
outweigh,7
pariti,6
laden,6
capita,6
reced,6
aviat,6
rightli,6
abat,6
marri,6
nomine,6
dam,6
thailand,6
restless,6
residenti,6
scrutin,6
overwhelmingli,6
penal,6
burst,6
invulner,6
careless,6
railway,6
voucher,6
bit,6
angola,6
artist,6
farmland,6
chap,6
nineti,6
arous,6
stalem,6
nonpartisan,6
optim,6
onto,6
hamper,6
rediscov,6
rostrum,6
syrian,6
forese,6
shale,6
commemor,6
sacrif,6
hoover,6
economist,6
indict,6
piecem,6
stagnant,6
modif,6
fell,6
sport,6
premis,6
obstruct,6
sulfur,6
sanctuari,6
unjust,6
cdbg,6
slowdown,6
layoff,6
stronghold,6
peacemak,6
frozen,6
regret,6
electrif,6
misunderstand,6
crumbl,6
nerv,6
junior,6
bushel,6
engulf,6
sunni,6
retaliatori,6
scatter,6
stubborn,6
augment,6
band,6
realign,6
carter,6
redevelop,6
mourn,6
san,6
sorri,6
ride,6
nineteen,6
almighti,6
madam,6
beacon,6
itali,6
sphere,6
reassess,6
pois,6
decay,6
stroke,6
attach,6
deport,6
british,6
insurg,6
mtn,6
divin,6
squeez,6
hew,6
inher,6
mostli,6
transact,6
automak,6
prais,6
sort,6
captain,6
podium,6
arabia,6
seemingli,6
grand,6
collar,6
ethanol,6
simultan,6
complement,6
museum,6
gorbachev,6
dole,6
manipul,6
eras,6
fold,6
detroit,6
dairi,6
entertain,6
smooth,6
resurg,6
eagerli,6
sba,6
pro,6
impli,6
needlessli,6
reckon,6
bigotri,6
aeronaut,6
assassin,6
auspic,6
brink,6
petti,6
vi,6
rayburn,6
fraction,6
aggrav,6
adolesc,6
inland,6
parallel,6
competitor,6
perpetu,6
mar,6
blackmail,6
preposit,6
fifteen,6
biomass,6
airlift,6
dentist,6
roughli,6
amp,6
unsurpass,6
archaic,6
manifest,6
illinoi,6
richest,6
injur,6
london,6
dean,6
imprison,6
subjug,6
cast,6
clinton,6
buttress,6
voluntarili,6
dispers,6
sister,6
pound,6
shipment,6
runaway,6
cheer,6
downturn,6
triumph,6
austria,6
teamwork,6
imf,6
vacanc,6
breakdown,6
mileston,6
scandal,6
contamin,6
pentagon,6
excus,6
abundantli,6
conceiv,6
fortifi,6
discard,6
proof,6
ruin,6
render,6
entrust,6
baltimor,6
zealand,6
hidden,6
restart,6
genocid,6
thoroughli,6
redefin,6
safest,6
timid,6
advocaci,6
oklahoma,6
grim,6
persuas,6
autonomi,6
shame,6
weaker,6
anybodi,6
reverend,6
cancel,6
simpler,6
relev,6
overspend,6
easili,6
barri,6
tranquil,6
suffrag,6
opec,6
illustr,6
immeasur,6
dwell,6
display,6
robert,6
racket,6
erad,6
ohio,6
merci,6
reimburs,6
encount,6
oppon,6
mexican,6
lo,6
descript,6
thai,6
surpass,6
latter,6
anymor,6
telephon,6
churchil,6
contenti,6
abolish,6
dismiss,6
spell,6
bed,6
penetr,6
unfold,6
mccain,6
mysteri,6
unduli,6
formid,6
gravest,6
jackson,6
analys,6
equilibrium,5
decre,5
cyber,5
habitat,5
yearli,5
tune,5
abreast,5
appointe,5
secondli,5
rejoin,5
demean,5
grief,5
wholli,5
hijack,5
subtl,5
janet,5
season,5
peru,5
underestim,5
retrain,5
descend,5
czechoslovakia,5
yemen,5
unknown,5
audit,5
hizballah,5
mill,5
verg,5
unavoid,5
livestock,5
insul,5
jame,5
commission,5
mondal,5
unmistak,5
centerpiec,5
buri,5
reorient,5
deem,5
arena,5
acid,5
hole,5
strictli,5
strait,5
plung,5
voter,5
golden,5
essenc,5
greet,5
egg,5
hartley,5
grass,5
mainland,5
hub,5
sleep,5
ink,5
indo,5
heroic,5
cigarett,5
stranger,5
exce,5
politician,5
default,5
eat,5
tehran,5
landscap,5
nightmar,5
diagnosi,5
holi,5
drag,5
myth,5
allen,5
tourist,5
humil,5
unrest,5
retire,5
corn,5
regiment,5
wilson,5
freshman,5
anxiou,5
stall,5
someplac,5
fierc,5
bob,5
adventur,5
plea,5
roof,5
label,5
revamp,5
pool,5
lawless,5
hud,5
registr,5
inquiri,5
anderson,5
fourteen,5
chose,5
el,5
rush,5
brother,5
shorten,5
prenat,5
relax,5
grandpar,5
prize,5
redwood,5
homebuy,5
armor,5
timet,5
wholesal,5
gay,5
pleasur,5
jordan,5
newborn,5
litig,5
ecuador,5
subsequ,5
improp,5
flaw,5
jobless,5
discredit,5
jack,5
cumbersom,5
cabl,5
alzheim,5
durat,5
banner,5
sail,5
starvat,5
crusad,5
upcom,5
henri,5
philosoph,5
fragil,5
tennesse,5
feingold,5
cushion,5
compli,5
imperil,5
worsen,5
reap,5
hydroelectr,5
healthier,5
logic,5
salvador,5
compat,5
contradict,5
slightli,5
pave,5
acquisit,5
guy,5
confound,5
anthrax,5
specter,5
femal,5
bloodsh,5
taft,5
juri,5
pessimist,5
length,5
jointli,5
lone,5
propheci,5
complaint,5
jill,5
amtrak,5
groundwork,5
bipartisanship,5
minuteman,5
pack,5
headlin,5
appeas,5
surmount,5
saddl,5
sexual,5
dredg,5
heir,5
bought,5
plu,5
airway,5
belt,5
solidar,5
overcrowd,5
superb,5
enshrin,5
clone,5
coach,5
stone,5
halfway,5
hinder,5
super,5
curriculum,5
window,5
defianc,5
knock,5
eloqu,5
enslav,5
sir,5
limitless,5
lung,5
reinvest,5
heroism,5
flower,5
stack,5
repel,5
bust,5
hydrogen,5
weaponri,5
priceless,5
inact,5
markedli,5
steward,5
rein,5
northeast,5
rancher,5
facet,5
stream,5
untold,5
airwav,5
sovereignti,5
theori,5
shout,5
envis,5
symptom,5
thicket,5
rubbl,5
fidel,5
stark,5
surtax,5
substant,5
distinct,5
accident,5
fade,5
olymp,5
birthright,5
stern,5
muslim,5
kosovo,5
offend,5
gase,5
drove,5
tenant,5
persecut,5
uncheck,5
contributor,5
norwood,5
magnitud,5
lawrenc,5
uncov,5
matern,5
guardian,5
tin,5
brandon,5
doom,5
quot,5
bulwark,5
maryland,5
heed,5
suspicion,5
bleed,5
depositori,5
kuwait,5
usher,5
ronald,5
anchor,5
raid,5
nrc,5
ninth,5
rain,5
ford,5
formosa,5
undercut,5
overtim,5
rhetor,5
repaid,5
fortitud,5
seed,5
loom,5
michigan,5
emot,5
misfortun,5
paralysi,5
leaa,5
expel,5
sober,5
apprenticeship,5
carryov,5
liquid,5
elector,5
venezuela,5
steven,5
loos,5
peacekeep,5
weari,5
milk,5
bay,5
surgeri,5
inadequaci,5
imperfect,5
monday,5
poster,5
sadli,5
jump,5
wealthi,5
newer,5
similarli,5
obey,5
compound,5
rob,5
blue,5
neutral,5
foe,5
dealer,5
tyrant,5
haul,5
catalyst,5
wherebi,4
preemin,4
yard,4
thwart,4
gut,4
carv,4
exhibit,4
chain,4
jewish,4
unconscion,4
parkland,4
driver,4
swell,4
diabet,4
mistaken,4
trucker,4
skin,4
planner,4
ranger,4
furnish,4
sahara,4
genet,4
decept,4
sixteen,4
retard,4
sap,4
indulg,4
subdu,4
banker,4
bicker,4
congressmen,4
egyptian,4
cloud,4
embolden,4
outflow,4
physician,4
nest,4
dental,4
guilti,4
buffer,4
crossroad,4
disintegr,4
unproduct,4
underemploy,4
postsecondari,4
expansionari,4
prescrib,4
conrail,4
commonwealth,4
bailout,4
squadron,4
jungl,4
scholarli,4
stiff,4
comrad,4
galleri,4
cartel,4
tnf,4
kansa,4
illiteraci,4
oxid,4
unreason,4
introduct,4
bedrock,4
infiltr,4
ear,4
upper,4
weekli,4
unalien,4
overview,4
surgeon,4
spectrum,4
nonfarm,4
footbal,4
omb,4
malnutrit,4
consequenti,4
kampuchea,4
reinvigor,4
characterist,4
ethiopia,4
fossil,4
leagu,4
inexor,4
seizur,4
midwest,4
elev,4
benjamin,4
languish,4
ballot,4
unnecessarili,4
tucson,4
rescind,4
tlatelolco,4
imbal,4
verif,4
remaind,4
dignifi,4
leg,4
dual,4
inflict,4
kingdom,4
supercomput,4
odd,4
incorpor,4
chapter,4
outright,4
censu,4
johnson,4
fatal,4
preach,4
parcel,4
focal,4
disproportion,4
orlean,4
mismanag,4
shorter,4
seaway,4
brigad,4
prey,4
helsinki,4
cop,4
cypress,4
conspiraci,4
shoot,4
shortfal,4
powel,4
firepow,4
tailor,4
provinci,4
ratio,4
pour,4
inextric,4
richer,4
bonus,4
relentless,4
multin,4
regularli,4
woefulli,4
dissent,4
ail,4
warrior,4
kick,4
passiv,4
ammunit,4
unif,4
confin,4
valid,4
cocain,4
grit,4
campus,4
hug,4
countrymen,4
subway,4
plainli,4
immin,4
downpay,4
epidem,4
character,4
vest,4
diet,4
bulgaria,4
cement,4
morocco,4
smog,4
rosa,4
reassert,4
sealift,4
corridor,4
tree,4
farsight,4
jimmi,4
theodor,4
refocus,4
turnov,4
slower,4
outrun,4
destin,4
unimagin,4
sectarian,4
drawdown,4
libyan,4
infc,4
polish,4
neill,4
movi,4
suffic,4
dwindl,4
bubbl,4
swamp,4
carlo,4
unsettl,4
racism,4
poorli,4
misus,4
epa,4
dri,4
screen,4
robust,4
prudenc,4
wood,4
scholar,4
indiffer,4
proce,4
andean,4
sheer,4
decentr,4
ix,4
downward,4
pathway,4
venic,4
junk,4
unconstitut,4
luca,4
neg,4
backward,4
openli,4
genom,4
tunisia,4
undo,4
insular,4
grid,4
palestin,4
evidenc,4
boot,4
reconnaiss,4
domain,4
disastr,4
reprocess,4
punit,4
toil,4
irreplac,4
coup,4
eitc,4
cotton,4
alabama,4
tipper,4
obsess,4
atla,4
wring,4
inclus,4
omnibu,4
encroach,4
formal,4
frontlin,4
trail,4
christian,4
indochines,4
earthquak,4
wheel,4
longshoremen,4
militia,4
judi,4
millionair,4
impoverish,4
lifesav,4
soft,4
tropic,4
josefina,4
awe,4
exodu,4
startl,4
telescop,4
unlock,4
buck,4
loyal,4
linkag,4
diversifi,4
baker,4
explan,4
kristen,4
navig,4
condominium,4
splendid,4
nonprolifer,4
unfulfil,4
afloat,4
twentieth,4
proxi,4
parliament,4
conveni,4
kentucki,4
pornographi,4
appl,4
eve,4
mccaffrey,4
slack,4
homebuild,4
pronounc,4
miracul,4
jacki,4
codif,4
beach,4
consecut,4
imposit,4
supervis,4
betray,4
hallow,4
remnant,4
amnesti,4
longstand,4
phone,4
swing,4
poseidon,4
helicopt,4
automot,4
gridlock,4
vacant,4
cd,4
riddl,4
codifi,4
deceiv,4
articl,4
ashley,4
indivis,4
usama,4
barbara,4
tick,4
lengthi,4
nonprofit,4
sunday,4
defect,4
refrain,4
dan,4
cheap,4
batter,4
forgot,4
untouch,4
cheapest,4
arbitr,4
provok,4
film,4
monstrou,4
newest,4
discord,4
specifi,4
overturn,4
warmth,4
mediterranean,4
laura,4
bioterror,4
worthwhil,4
span,4
shaken,4
valor,4
transpar,4
hybrid,4
steve,4
homemak,4
succumb,4
newspap,4
speedili,4
overhead,4
affront,4
intact,4
erect,4
rancor,4
congreg,4
clock,4
clearanc,4
mad,4
disarray,4
ladder,4
counterterror,4
offshor,4
safia,4
jupit,4
testifi,4
incomprehens,4
keyston,4
tone,4
saver,4
unshak,4
sentiment,4
besid,4
delta,4
stamina,4
sooner,4
unbeliev,4
madrid,4
humankind,4
solvenc,4
stalinist,4
insuffici,4
bennett,4
substandard,4
patern,4
succe,4
winner,4
canadian,4
entiti,4
wright,4
threefold,4
gaza,4
reestablish,4
countervail,4
superhighway,4
inflex,4
redesign,4
farewel,4
matur,4
bloodi,4
boat,4
inch,4
slight,4
seldom,4
desilin,4
turkish,4
aluminum,4
activist,4
silent,4
lighten,4
malaya,4
forbid,4
grasp,4
thread,4
proudest,3
sewer,3
co,3
sluggish,3
rio,3
jail,3
corrod,3
trevor,3
andrew,3
portug,3
exact,3
templ,3
shortchang,3
plug,3
reconcil,3
academi,3
insensit,3
icbm,3
reapprais,3
vivid,3
retroact,3
schoolroom,3
perez,3
unforeseen,3
iowa,3
immort,3
soundli,3
afternoon,3
rape,3
troublesom,3
mediat,3
torment,3
equat,3
dearli,3
stalk,3
sow,3
lifeblood,3
thor,3
spectacl,3
rebirth,3
uneasi,3
hurrican,3
concili,3
manifestli,3
clash,3
hammer,3
ferment,3
unsolv,3
misguid,3
chile,3
appalachia,3
elit,3
shutter,3
ghetto,3
withstand,3
accustom,3
breakfast,3
strang,3
wholeheart,3
pillar,3
manmad,3
biomed,3
reintegr,3
fraught,3
arithmet,3
sediment,3
classifi,3
geotherm,3
pervas,3
indiana,3
wesley,3
appetit,3
steril,3
antidrug,3
pope,3
rage,3
sabotag,3
aw,3
distrust,3
lull,3
yardstick,3
subordin,3
coincid,3
restaur,3
turbin,3
outcompet,3
infring,3
brighten,3
schuman,3
tenet,3
tightli,3
routin,3
slope,3
taiwan,3
unattend,3
frighten,3
infantri,3
unhappi,3
hanoi,3
custodi,3
einstein,3
tribe,3
fascism,3
propaganda,3
underlin,3
ba,3
nassau,3
herald,3
ida,3
temper,3
bryan,3
sneak,3
clark,3
copper,3
behav,3
nearbi,3
futil,3
oh,3
advertis,3
versu,3
sink,3
unsustain,3
dissemin,3
deadlock,3
mileag,3
spearhead,3
rip,3
zarqawi,3
kathi,3
sponsorship,3
cherrey,3
combust,3
stricken,3
overdos,3
bio,3
minnesota,3
roadless,3
unhappili,3
benchmark,3
businessman,3
reemploy,3
purpl,3
magistr,3
adjac,3
unbear,3
despot,3
emin,3
inalien,3
geographi,3
sunris,3
overregul,3
useless,3
pale,3
sizabl,3
sunlight,3
sounder,3
overshadow,3
bottleneck,3
shortsight,3
tornado,3
compart,3
parol,3
envi,3
wash,3
siemen,3
oak,3
mountaintop,3
awesom,3
parkinson,3
woodrow,3
discret,3
guantanamo,3
gray,3
fever,3
nicaraguan,3
uncomfort,3
green,3
corros,3
risktak,3
episod,3
interact,3
inhabit,3
uruguay,3
booth,3
brian,3
flank,3
seal,3
rhodesian,3
groceri,3
bleak,3
ir,3
demolish,3
arrog,3
environmentalist,3
glimps,3
pet,3
anarchi,3
merg,3
incumb,3
sand,3
romney,3
jersey,3
gloriou,3
vanish,3
sidelin,3
waterg,3
etern,3
bundl,3
pump,3
newsroom,3
emancip,3
newtown,3
headquart,3
forgiven,3
gatt,3
array,3
eros,3
somebodi,3
predat,3
unearn,3
liberia,3
asylum,3
smile,3
shannon,3
diminut,3
hors,3
titan,3
hh,3
protract,3
swallow,3
straightforward,3
whim,3
arkansa,3
hama,3
vaclav,3
silver,3
guess,3
alongsid,3
statesmen,3
instil,3
scott,3
spain,3
warrant,3
invok,3
irresist,3
manifold,3
embarrass,3
impuls,3
nafta,3
cambodian,3
viciou,3
string,3
holiday,3
chiefli,3
afterward,3
freshmen,3
illumin,3
kemeni,3
ruthless,3
instantli,3
sadat,3
eighteen,3
stricter,3
crunch,3
yeltsin,3
zarfo,3
nearest,3
unsuccess,3
yugoslavia,3
testimoni,3
fester,3
permiss,3
romania,3
sanit,3
shrunk,3
sleev,3
twilight,3
cool,3
burgeon,3
absurd,3
bankrupt,3
redress,3
criteria,3
scrutini,3
contributori,3
howard,3
prepaid,3
deriv,3
budg,3
animos,3
schoolhous,3
potomac,3
proclam,3
keeper,3
nixonth,3
rieman,3
greek,3
ingredi,3
policemen,3
forefront,3
aftermath,3
russel,3
tort,3
progrowth,3
slump,3
sad,3
outward,3
forbidden,3
swept,3
radioact,3
fortress,3
unrestrict,3
cia,3
framer,3
incompat,3
perish,3
undisput,3
ridg,3
solvent,3
crystal,3
drew,3
cruelti,3
boss,3
havoc,3
hourli,3
battalion,3
mislead,3
worn,3
disincent,3
amanda,3
astronom,3
teeth,3
trim,3
phenomenon,3
soybean,3
henc,3
fend,3
trader,3
synagogu,3
taxabl,3
reassur,3
apollo,3
sieg,3
unus,3
shipper,3
stale,3
biofuel,3
unrealist,3
gateway,3
outliv,3
cardin,3
unsaf,3
rocket,3
bondag,3
glow,3
fanatic,3
glass,3
broadband,3
mitig,3
outreach,3
client,3
log,3
comparison,3
norm,3
lawmak,3
shake,3
multipurpos,3
unaddress,3
folli,3
squalor,3
abolit,3
nonessenti,3
messi,3
withstood,3
mix,3
overthrow,3
venu,3
alamogordo,3
wealthier,3
handout,3
quietli,3
lesser,3
emul,3
ceaselessli,3
split,3
westward,3
richli,3
elabor,3
plutonium,3
nourish,3
transmiss,3
foreseen,3
heavier,3
advent,3
hook,3
outbreak,3
ofccp,3
sympathi,3
cedar,3
incomplet,3
foolishli,3
bonn,3
frequenc,3
cruel,3
hum,3
french,3
rejoic,3
georgia,3
enthusiasm,3
negro,3
wellb,3
sino,3
axi,3
infinit,3
unclear,3
switch,3
shackl,3
flexi,3
ruthlessli,3
merger,3
department,3
radiat,3
prophet,3
dikemb,3
reservoir,3
overpay,3
outgo,3
toxin,3
slave,3
underpin,3
uncondit,3
transcend,3
contradictori,3
viabil,3
dropout,3
havel,3
ledger,3
sunshin,3
unpopular,3
naysay,3
frugal,3
subcontin,3
hubert,3
suspect,3
foolish,3
submiss,3
geograph,3
react,3
breast,3
herd,3
uppermost,3
unrestrain,3
illicit,3
breach,3
ensu,3
cosmet,3
spontan,3
boehner,3
slide,3
goodwil,3
thirteen,3
mx,3
brilliant,3
tejeda,3
spectacular,3
nationalist,3
gimmick,3
craft,3
steal,3
beaten,3
adjourn,3
faction,3
jonesboro,3
leaner,3
medium,3
cheat,3
usag,3
arctic,3
visibl,3
reopen,3
terrifi,3
version,3
fractur,3
dull,3
jew,3
mask,3
rebat,3
youngster,3
quicker,3
dominican,3
netherland,3
widest,3
ugli,3
technician,3
alleg,3
interven,3
compact,3
rever,3
panamanian,3
brezhnev,3
pastor,3
tall,3
visionari,3
rhode,3
hardli,3
notifi,3
anguish,3
forestal,3
flew,3
onlin,3
arabian,3
waiver,3
fluctuat,3
imprecis,3
boomer,3
heighten,3
torch,3
monopolist,3
suppress,3
outskirt,3
institution,3
inject,3
sandi,3
hail,3
photovolta,3
attribut,3
reinsur,3
belaru,3
kappel,3
steadier,3
omin,3
weed,3
ray,3
wic,3
infect,3
furnitur,3
outsourc,3
embryo,3
lethal,3
winston,3
magnet,3
daniel,3
wing,3
impati,3
logist,3
topic,3
creatur,3
disun,3
miscalcul,3
debit,3
notwithstand,3
clinch,3
erupt,3
encompass,3
forebear,3
dilig,3
counterpart,3
mid,3
elain,3
statesmanship,3
reunif,3
knit,3
czar,3
clerk,3
abstin,3
curricula,3
dig,3
auster,3
byron,3
expertis,3
wiser,3
surcharg,3
schwarzkopf,3
spotlight,3
specialist,3
astronaut,3
markwel,3
byrd,3
philanthropi,2
delic,2
vindic,2
solemnli,2
xx,2
lifestyl,2
graviti,2
companion,2
precept,2
newport,2
harlem,2
twin,2
onset,2
aigner,2
reconfirm,2
finit,2
sharecropp,2
atroc,2
taho,2
surest,2
cave,2
seashor,2
airmen,2
flare,2
casualti,2
beef,2
leap,2
drudgeri,2
callou,2
poultri,2
consign,2
classmat,2
moynihan,2
sullen,2
indomit,2
costa,2
marvel,2
seab,2
predecessor,2
cord,2
backslid,2
dock,2
narcotraffick,2
twelfth,2
suicid,2
youngstown,2
persh,2
atheist,2
euphoria,2
vividli,2
flip,2
unreserv,2
roar,2
sullivan,2
rampant,2
usurp,2
tiro,2
autom,2
vacuum,2
entranc,2
exagger,2
cumul,2
namibian,2
detract,2
terrif,2
begrudg,2
oau,2
vacat,2
lean,2
comprehend,2
pier,2
miller,2
irrepar,2
latino,2
healthcar,2
hacker,2
deceas,2
recurr,2
arfa,2
riot,2
airfar,2
beirut,2
kinslow,2
hank,2
stoppag,2
francisco,2
rear,2
development,2
incessantli,2
scarciti,2
implac,2
tens,2
unsold,2
architectur,2
rollcal,2
munit,2
anemia,2
longterm,2
reprogram,2
famou,2
gerald,2
antiqu,2
colin,2
despis,2
confess,2
noninflationari,2
literatur,2
moslem,2
fatherhood,2
albert,2
floodgat,2
columbin,2
sprint,2
ironclad,2
oecd,2
inf,2
brightest,2
groundbreak,2
quitter,2
platform,2
weav,2
lord,2
minneapoli,2
pit,2
inordin,2
blockad,2
fled,2
preclud,2
unquestion,2
kevin,2
forthrightli,2
patchwork,2
fcc,2
houston,2
belliger,2
thereaft,2
trajectori,2
shay,2
riski,2
clap,2
schuller,2
scholast,2
jett,2
threw,2
pursuant,2
faulti,2
dominion,2
blatant,2
refineri,2
gestur,2
ach,2
derogatori,2
writ,2
sway,2
ascertain,2
hondura,2
fingerprint,2
extract,2
spangl,2
mend,2
perceiv,2
weekend,2
stalin,2
pad,2
momentari,2
grievanc,2
raleigh,2
emphat,2
leverag,2
ward,2
jone,2
charlott,2
roadway,2
ryan,2
jean,2
seesaw,2
patron,2
testament,2
utah,2
vista,2
sup,2
impedi,2
asthma,2
commend,2
rodger,2
switzerland,2
truste,2
victor,2
confeder,2
foothold,2
wondrou,2
bite,2
silicon,2
dimli,2
disillusion,2
mac,2
exhort,2
instinct,2
ounc,2
flawlessli,2
dispatch,2
mastectomi,2
happili,2
mutombo,2
differenti,2
undream,2
starter,2
fanfar,2
beg,2
detain,2
hunter,2
apiec,2
download,2
energ,2
thou,2
coral,2
proposit,2
mood,2
mistrust,2
riobamba,2
aptitud,2
impend,2
cohen,2
parad,2
arthur,2
matchless,2
chant,2
certifi,2
fallujah,2
outlet,2
thief,2
resign,2
deng,2
istc,2
fusion,2
pearson,2
manageri,2
magazin,2
nanci,2
amidst,2
worksit,2
collis,2
referendum,2
expend,2
foment,2
pen,2
troika,2
cook,2
repositori,2
carterth,2
convey,2
repar,2
brussel,2
roam,2
hollow,2
elud,2
destitut,2
interview,2
farthest,2
uneth,2
overcharg,2
fenc,2
gloss,2
coin,2
defenseless,2
autrey,2
lieuten,2
revel,2
repris,2
prophesi,2
unveil,2
unceas,2
foreshadow,2
volatil,2
inward,2
bag,2
cruelli,2
submerg,2
bud,2
athlet,2
pragu,2
accru,2
sheet,2
insepar,2
cling,2
pueblo,2
triad,2
ruinou,2
hampton,2
ancestor,2
haitian,2
forestri,2
insurrect,2
drum,2
planetari,2
unharm,2
paul,2
explicit,2
striker,2
chri,2
ashcroft,2
bent,2
dire,2
policymak,2
luciu,2
stray,2
whither,2
soak,2
mold,2
beckon,2
cleveland,2
manila,2
solidifi,2
pearl,2
tour,2
voyag,2
internation,2
photo,2
pusher,2
bluntli,2
gospel,2
novel,2
governmentwid,2
unoblig,2
hadiya,2
fission,2
retool,2
nhsc,2
expedi,2
proctor,2
billionair,2
unbal,2
regan,2
cincinnati,2
simplist,2
pat,2
guam,2
blunt,2
tighter,2
impetu,2
nonwild,2
taleb,2
dose,2
preambl,2
hungarian,2
congresswoman,2
unriv,2
baltic,2
reevalu,2
unforgett,2
umbrella,2
sickl,2
unwav,2
untap,2
edison,2
kilowatt,2
sentinel,2
semit,2
physicist,2
recrimin,2
sputnik,2
casual,2
softwar,2
roadmap,2
doha,2
player,2
ex,2
dislik,2
wagehour,2
dishonest,2
stephen,2
fisher,2
buffett,2
crew,2
magic,2
measl,2
waver,2
miami,2
clay,2
recit,2
slam,2
flame,2
rectifi,2
rebound,2
swap,2
repugn,2
chrysler,2
allud,2
evolutionari,2
irrepress,2
tireless,2
inexcus,2
mump,2
sweden,2
renov,2
ordeal,2
obes,2
overli,2
micheal,2
disregard,2
lebanes,2
commut,2
stumbl,2
ceremoni,2
underdevelop,2
hormuz,2
compensatori,2
bolivia,2
steer,2
lifelong,2
sank,2
lifelin,2
ennobl,2
nazi,2
renounc,2
khmer,2
mccormack,2
throttl,2
muster,2
commensur,2
melancholi,2
wednesday,2
burglari,2
tallest,2
cogniz,2
shelbi,2
sleepless,2
subvert,2
puppet,2
interdict,2
trash,2
sing,2
refight,2
bid,2
del,2
nag,2
grappl,2
inaccur,2
overrun,2
preval,2
uncorrect,2
hike,2
singular,2
alltim,2
predatori,2
envelop,2
dogma,2
harshli,2
saniti,2
countercycl,2
ironi,2
relent,2
potent,2
lech,2
vladivostok,2
waitress,2
myriad,2
gabbi,2
pavement,2
protest,2
migrant,2
brook,2
perk,2
shun,2
input,2
presum,2
wreck,2
bahrain,2
unevenli,2
indirect,2
mali,2
tractor,2
natal,2
battleground,2
goodnight,2
entic,2
salvat,2
smuggler,2
unab,2
pinpoint,2
centrifug,2
limb,2
steroid,2
fema,2
reactiv,2
devout,2
identif,2
quarantin,2
basement,2
ito,2
lumber,2
reenact,2
workshop,2
twothird,2
speicher,2
consular,2
nearer,2
funnel,2
grievou,2
gruel,2
barren,2
singapor,2
apolog,2
dishonor,2
admittedli,2
procrastin,2
cessat,2
senseless,2
reloc,2
acquiesc,2
vow,2
wagner,2
airpow,2
interlock,2
frill,2
undesir,2
dick,2
consumm,2
peip,2
ted,2
conspicu,2
ferret,2
commentari,2
biotechnolog,2
purs,2
ramp,2
frame,2
spokesmen,2
forgiv,2
scrap,2
autowork,2
viabl,2
rundown,2
brick,2
laser,2
inertia,2
devalu,2
rumor,2
perfectli,2
broker,2
vet,2
clog,2
healthiest,2
farreach,2
programmat,2
gambl,2
shrapnel,2
courthous,2
swore,2
doorway,2
farther,2
zimbabwean,2
mild,2
nobler,2
shell,2
argentina,2
mirror,2
pork,2
regress,2
wire,2
launcher,2
rico,2
accuraci,2
mob,2
acclaim,2
bypass,2
sue,2
undon,2
rome,2
firearm,2
antarctica,2
marx,2
breaux,2
maxim,2
tripartit,2
masteri,2
phrase,2
outdoor,2
pivot,2
su,2
ore,2
shortcut,2
nonalign,2
male,2
sol,2
academia,2
honey,2
unicef,2
pragmat,2
mathemat,2
tuck,2
precari,2
harass,2
probat,2
getsler,2
shalt,2
levi,2
phaseout,2
dormitori,2
reconvers,2
emb,2
naught,2
hale,2
downgrad,2
diagnost,2
peer,2
omaha,2
intim,2
simplest,2
hmo,2
box,2
lockout,2
greedi,2
tim,2
insight,2
apathi,2
memor,2
northwest,2
cape,2
wane,2
print,2
graveyard,2
acced,2
timeless,2
hindranc,2
blanket,2
nonnuclear,2
ball,2
donat,2
extinguish,2
gs,2
understat,2
pundit,2
bogota,2
poorer,2
amelior,2
lenin,2
astronomi,2
mixtur,2
recur,2
strand,2
oc,2
unavail,2
meehan,2
foreclosur,2
upris,2
puerto,2
noblest,2
useabl,2
throng,2
linowitz,2
roadsid,2
polar,2
repudi,2
thick,2
multimillion,2
botulinum,2
blot,2
extravag,2
kitchen,2
diffus,2
horrif,2
orphan,2
defraud,2
tao,2
conjunct,2
charli,2
sooth,2
warehous,2
settler,2
charl,2
bowl,2
qadhafi,2
shirk,2
counterproduct,2
dust,2
crow,2
smuggl,2
centenni,2
hasten,2
criterion,2
nice,2
stair,2
statur,2
timber,2
sturdi,2
conscienti,2
breadwinn,2
grenad,2
paradis,2
deplor,2
interpol,2
vishinski,2
unspoil,2
fourfold,2
unchart,2
suhail,2
disengag,2
unsung,2
exceedingli,2
mauser,2
embed,2
groundless,2
moham,2
moratorium,2
inescap,2
berth,2
authent,2
gregg,2
derail,2
reservist,2
unpredict,2
bump,2
unremit,2
unworthi,2
docket,2
strenuous,2
massachusett,2
paraguay,2
holder,2
imponder,2
malici,2
propel,2
algeria,2
wedlock,2
manual,2
cindi,2
aggreg,2
cleanest,2
steep,2
walesa,2
guinea,2
darkest,2
wildfir,2
andra,2
anbar,2
teddi,2
quicken,2
bystand,2
hallmark,2
tandem,2
neediest,2
heaviest,2
protector,2
sharehold,2
nick,2
carl,2
daunt,2
compliment,2
jennif,2
disgrac,2
aria,2
kidnap,2
underpay,2
pitfal,2
prone,2
obsolesc,2
inocul,2
thrown,2
sinew,2
galaxi,2
crazi,2
stain,2
eniwetok,2
despoil,2
allot,2
nondiscriminatori,2
arc,2
foothil,2
fervor,2
influenti,2
reput,2
uneven,2
unfinanc,2
anomali,2
unhealthi,2
flatli,2
decim,2
sweat,2
unmanag,2
disburs,2
meager,2
showroom,2
chad,2
wreak,2
repetit,2
clariti,2
harden,2
contend,2
soundest,2
writer,2
trailer,2
godspe,2
tanner,2
smallpox,2
antonio,2
googl,2
likelihood,2
suddenli,2
van,2
heartless,2
favorit,2
disrepair,2
drape,2
basebal,2
annihil,2
token,2
hasti,2
absent,2
song,2
motion,2
permeat,2
analyst,2
fork,2
relay,2
inventor,2
opic,2
disorderli,2
ridership,2
uncommit,2
harmon,2
perplex,2
hotel,2
bia,2
darker,2
horribl,2
primaci,2
retent,2
illiter,2
enumer,2
norway,2
trembl,2
trace,2
yellowston,2
manhood,2
naiv,2
multitud,2
cab,2
sudan,2
majesti,2
resciss,2
abdic,2
portray,2
gnma,2
midnight,2
priest,2
taliaferro,2
hottest,2
grandfath,2
overlook,2
stanford,2
ministri,2
feat,2
unprepar,2
thug,2
densiti,2
gari,2
slacken,2
squad,2
calam,2
cautiou,2
guerrilla,2
dinner,2
labori,2
rangoon,2
blameless,2
ampli,2
shack,2
rice,2
antipoverti,2
gifford,2
irrevers,2
invigor,2
starkest,2
arisen,2
firemen,2
judd,2
lockstep,2
inaccess,2
rica,2
overpow,2
concess,2
easiest,2
till,2
speedier,2
junctur,2
franchis,2
belgrad,2
vanc,2
summar,2
ring,2
unwil,2
guis,2
statehous,2
forfeit,2
craven,2
unwilling,2
idealist,2
grassland,2
forsyth,2
reignit,2
heartland,2
snoop,2
myra,2
overpromis,2
desist,2
signatur,2
delud,2
reenter,2
utterli,2
renegoti,2
float,2
invalu,2
susten,2
simplic,2
outproduc,2
incept,2
dissolut,2
blockbust,2
candor,2
fiduciari,2
gladli,2
tyron,2
beneath,2
nonetheless,2
mosqu,2
storefront,2
joke,2
tini,2
savag,2
exam,2
evad,2
brunt,2
accus,2
recessionari,2
forsak,2
vibrant,2
chase,2
conscious,2
correctli,2
livelihood,2
springboard,2
necessit,2
atlanta,2
happier,2
stripe,2
melt,2
relentlessli,2
unbreak,2
slightest,2
cherri,2
recount,2
ecolog,2
temperatur,2
aaron,2
mainli,2
unsatisfactori,2
menomine,2
wither,2
walter,2
unbalanc,2
muscl,2
thi,2
antic,2
forthright,2
besieg,2
winski,2
fool,2
gigant,2
unlead,2
waiv,2
loser,2
louisiana,2
condol,2
unrespons,2
suzann,2
slot,2
premier,2
rigidli,2
provoc,2
remsburg,2
thunder,2
renter,2
watersh,2
garbag,2
startup,2
portsmouth,2
insofar,2
disguis,2
angri,2
kissing,2
discount,2
interconnect,2
infecti,2
aerial,2
upstream,2
harley,2
bask,2
grandson,2
boston,2
trustworthi,2
pertin,2
cutback,2
trujillo,2
unwork,2
reborn,2
amass,2
selfless,2
concurr,2
banish,2
indecis,2
bonu,2
cranston,2
fanci,2
seeker,2
portugues,2
confidenti,2
rogu,2
appal,2
overcam,2
idca,2
sailor,2
arid,2
tanzania,2
dissip,2
profil,2
slice,2
epic,2
marxist,2
choru,2
indirectli,2
undertook,2
jerusalem,2
sympathet,2
bug,2
lengthen,2
fray,2
delano,2
unstint,2
spinal,2
virus,2
turf,1
pawn,1
taker,1
candidli,1
linchpin,1
incontrovert,1
reentri,1
wilt,1
decri,1
cento,1
resound,1
pervert,1
bonnevil,1
suez,1
naivet,1
faithbas,1
heinou,1
powerless,1
ranch,1
serrano,1
metro,1
congeni,1
ms,1
rocketri,1
insuper,1
unexplor,1
disciplinari,1
tubman,1
cow,1
,1
uneasili,1
millston,1
businessown,1
embezzl,1
lightweight,1
gaze,1
trickeri,1
undisturb,1
emmitsburg,1
counteract,1
nba,1
longtim,1
telegram,1
arbitrarili,1
untir,1
newcom,1
dim,1
consortium,1
issuer,1
comp,1
dartmouth,1
hopkin,1
unafford,1
clau,1
shelv,1
rubio,1
airbas,1
murphi,1
monster,1
apt,1
gobbledygook,1
brownfield,1
midpoint,1
oasi,1
proflig,1
inexpens,1
jumpstart,1
chieftain,1
herter,1
mbda,1
hastert,1
pan,1
downfal,1
bookkeep,1
punch,1
overkil,1
mistakenli,1
iea,1
pole,1
flammabl,1
mumbl,1
servicememb,1
prop,1
trick,1
myi,1
spendabl,1
jacob,1
butler,1
advisor,1
affluent,1
tag,1
foresaw,1
blackboard,1
gram,1
converg,1
cancun,1
mesh,1
lofti,1
tempo,1
misconduct,1
skutnik,1
postpartisan,1
resuit,1
conqueror,1
garag,1
adulthood,1
georgetown,1
mia,1
dominica,1
orlando,1
mailbox,1
newton,1
overdo,1
synchron,1
bitterest,1
astrophys,1
utter,1
rarest,1
lovingli,1
solitud,1
pandem,1
armstrong,1
sheoma,1
survivorship,1
creep,1
buddi,1
sara,1
halfheart,1
lumbermen,1
crier,1
scrub,1
fuzzi,1
noncontroversi,1
conson,1
gp,1
standstil,1
cream,1
unmotiv,1
unliv,1
payload,1
beset,1
birmingham,1
entrench,1
upheav,1
ritual,1
hattiesburg,1
afdc,1
landmin,1
shudder,1
reactionari,1
curfew,1
speakership,1
dome,1
impractic,1
broadbas,1
poem,1
nonagricultur,1
wed,1
markham,1
horrifi,1
stagflat,1
semper,1
innuendo,1
thrifti,1
middlemen,1
unfound,1
unintend,1
pirat,1
lazi,1
vienna,1
perri,1
irrelev,1
peanut,1
concord,1
communic,1
liquor,1
lago,1
dioxid,1
renaiss,1
bricklay,1
nevada,1
wireless,1
gregori,1
trumpet,1
workweek,1
textbook,1
eulog,1
supplementari,1
unseen,1
relitig,1
engrav,1
jakarta,1
chaotic,1
reconven,1
glorif,1
underprivileg,1
ecosystem,1
hambali,1
quayl,1
conjectur,1
bosnian,1
freddi,1
frigat,1
arizona,1
quantum,1
painstak,1
spectr,1
truce,1
slant,1
rambuncti,1
predic,1
tuesday,1
torrijo,1
disparag,1
sonni,1
landsat,1
incompet,1
pall,1
thermonuclear,1
checkup,1
overdepend,1
loggerhead,1
hideou,1
dash,1
craney,1
toknow,1
foolproof,1
license,1
fanni,1
conced,1
invari,1
lloyd,1
demobil,1
grimi,1
unman,1
supermajor,1
savageri,1
heretofor,1
dot,1
ebb,1
insurmount,1
thissess,1
norman,1
soot,1
grudg,1
text,1
disprov,1
retrofit,1
unscath,1
oscil,1
variabl,1
gabl,1
goat,1
runway,1
malpractic,1
interfund,1
cairo,1
cog,1
subpoena,1
frist,1
heirloom,1
unawar,1
impun,1
inquisit,1
intersect,1
scorekeep,1
barkeep,1
dogmat,1
deregulatori,1
bread,1
doorkeep,1
metcalf,1
orang,1
sri,1
thankless,1
leaguer,1
junto,1
shoe,1
reset,1
softbal,1
delight,1
penh,1
sharper,1
lyn,1
splendor,1
complicit,1
promisingli,1
crescent,1
reno,1
bequeath,1
bruce,1
regroup,1
frost,1
tuni,1
deck,1
herbicid,1
pachachi,1
funni,1
alito,1
issuanc,1
sheep,1
superstorm,1
articul,1
sharon,1
bacon,1
lynn,1
craig,1
connor,1
withheld,1
magnifi,1
shade,1
prep,1
deferr,1
iwo,1
creek,1
ting,1
grime,1
crimefight,1
brittl,1
snuck,1
crawfish,1
homeward,1
undi,1
christina,1
drainag,1
unearth,1
tobago,1
nsa,1
watt,1
economyth,1
dreari,1
collater,1
reusabl,1
transgress,1
chi,1
underutil,1
connecticut,1
shook,1
corollari,1
nondiscrimin,1
rampag,1
hint,1
tunisian,1
overhang,1
overbear,1
incit,1
boarder,1
coward,1
tack,1
fore,1
gentl,1
zigzag,1
nosed,1
tetanu,1
bone,1
catchal,1
shuffl,1
smelt,1
daddi,1
elicit,1
breakup,1
diesel,1
outpour,1
stranglehold,1
pluralist,1
crest,1
botswana,1
feudal,1
dishonesti,1
riley,1
unison,1
watchword,1
sternli,1
oti,1
demagogu,1
mystifi,1
outworn,1
boundless,1
trampl,1
underus,1
warmheart,1
thirteenth,1
felon,1
tran,1
amalgam,1
aurora,1
pristin,1
indemn,1
lumberjack,1
pta,1
muffl,1
letup,1
costco,1
wildflow,1
teleprompt,1
stuck,1
ladin,1
coma,1
joyou,1
brown,1
ovarian,1
parliamentari,1
jess,1
enthral,1
walsh,1
defector,1
housew,1
maim,1
pink,1
complementari,1
fascin,1
mcduffi,1
buoyant,1
phoenix,1
warmer,1
allawi,1
upkeep,1
chest,1
percentagewis,1
esquivel,1
pervers,1
oilburn,1
sporad,1
thundercloud,1
antiretrovir,1
overblown,1
navajo,1
delin,1
seam,1
antipregn,1
estiven,1
ordain,1
peke,1
rehab,1
toni,1
stopgap,1
wholesom,1
unelect,1
lick,1
reluctantli,1
brush,1
unreal,1
decor,1
clever,1
envoy,1
ccc,1
shoreless,1
tb,1
patton,1
depos,1
ltdp,1
kurd,1
proverb,1
contagion,1
invietnam,1
truanci,1
whirlwind,1
darfur,1
unclean,1
disloy,1
pursuanc,1
stirrup,1
elbow,1
slobodan,1
flier,1
reimagin,1
gemayel,1
fog,1
nervou,1
roster,1
eugen,1
semiconductor,1
transatlant,1
jamaica,1
implant,1
branstad,1
monopol,1
relinquish,1
hyster,1
unwittingli,1
clip,1
paramount,1
militar,1
jefford,1
dress,1
lisa,1
fissur,1
mike,1
accent,1
annett,1
refound,1
electrifi,1
transfus,1
skelet,1
sandra,1
recoup,1
blindfold,1
spacecraft,1
abrupt,1
elkhart,1
baruch,1
computer,1
thoughtlessli,1
manchuria,1
lowrent,1
sixfold,1
unhamp,1
mcfadden,1
starv,1
outgrowth,1
chessi,1
outsel,1
seattl,1
distinctli,1
barbar,1
shingl,1
undergon,1
variat,1
specialti,1
misspok,1
gender,1
tommi,1
baron,1
strengthenprivaci,1
pr,1
jihad,1
recycl,1
mercuri,1
nguyen,1
fogarti,1
bash,1
microchip,1
spurn,1
recentyear,1
sceneri,1
radiolog,1
respit,1
warmest,1
willingli,1
everest,1
copout,1
cohost,1
solidli,1
assuredli,1
bearer,1
missionari,1
standpoint,1
enviabl,1
boycot,1
milepost,1
walt,1
predetermin,1
greenspan,1
shalikashvili,1
beshear,1
underwat,1
nun,1
seafar,1
debri,1
gibson,1
rescuer,1
phoni,1
detaine,1
apparel,1
oceanographi,1
honduran,1
ty,1
rend,1
wive,1
williamsburg,1
chancellor,1
chestnut,1
calamit,1
guidepost,1
starkli,1
ticket,1
turnabout,1
menchu,1
belgian,1
altruism,1
exalt,1
diagnos,1
microsoft,1
flung,1
giveaway,1
extran,1
madison,1
worrisom,1
isa,1
reef,1
buggi,1
uganda,1
purg,1
yakima,1
afterschool,1
vault,1
renunci,1
indistinct,1
retort,1
hurriedli,1
pyramid,1
humbler,1
berra,1
ferri,1
nickel,1
sparrow,1
steelwork,1
runoff,1
plumb,1
noncitizen,1
zeal,1
emissari,1
arrear,1
predominantli,1
fundrais,1
taper,1
customari,1
caterpillar,1
liquefact,1
subtitl,1
seato,1
outsiz,1
companionship,1
facebook,1
pac,1
strauss,1
peel,1
lee,1
macmillan,1
undertax,1
spun,1
invalid,1
foretel,1
revuls,1
welk,1
dinosaur,1
legat,1
rocki,1
tarapur,1
onslaught,1
inscript,1
gamma,1
crimson,1
longfellow,1
helium,1
salvag,1
concessionari,1
timor,1
panicki,1
prognosi,1
expuls,1
akin,1
samarra,1
childlik,1
stroll,1
unalter,1
trumanstood,1
iaea,1
casablanca,1
overconfid,1
intang,1
cochair,1
cuellar,1
blueberri,1
italian,1
glitter,1
miranda,1
abess,1
propens,1
scranton,1
coastguardsmen,1
immor,1
custodian,1
doubtless,1
misinform,1
fox,1
firmer,1
embattl,1
whistl,1
ciec,1
eximbank,1
cabot,1
fiction,1
hood,1
untarget,1
mubarak,1
asund,1
untangl,1
mombasa,1
supposedli,1
odiou,1
habea,1
mozambiqu,1
irreduc,1
randolph,1
anem,1
silli,1
nail,1
mari,1
toy,1
simpson,1
autocrat,1
battlefront,1
infal,1
tem,1
dancer,1
amen,1
sharpest,1
quita,1
applianc,1
costliest,1
escape,1
mccormick,1
weakest,1
maputo,1
indebted,1
bronz,1
behemoth,1
mazar,1
morass,1
enmesh,1
cisnero,1
incident,1
musician,1
nell,1
vagari,1
ottawa,1
mall,1
worldshatt,1
cattl,1
uncoordin,1
belfast,1
aung,1
buffalo,1
invidi,1
eri,1
kyi,1
roug,1
unreliev,1
cannon,1
moutardi,1
inconveni,1
imbu,1
mousetrap,1
glanc,1
thermal,1
outgrow,1
denton,1
abhorr,1
lott,1
seeth,1
selma,1
ob,1
wisconsin,1
glenn,1
chechnya,1
unafraid,1
viru,1
landslid,1
sosa,1
handwring,1
hump,1
inelig,1
hitler,1
waldheim,1
emigr,1
unflatt,1
limousin,1
infanc,1
clearey,1
bacteria,1
thoroughfar,1
dial,1
lockup,1
bombard,1
icc,1
refuel,1
toughen,1
indestruct,1
roadblock,1
emit,1
bali,1
semiautomat,1
jo,1
unansw,1
particul,1
goldberg,1
asbesto,1
pelosi,1
carnag,1
unauthor,1
spearpoint,1
slipperi,1
prerog,1
hardpress,1
arteri,1
oureconomi,1
jima,1
burger,1
advisedli,1
griffin,1
cranberri,1
axiomat,1
plo,1
trespass,1
misde,1
unwelcom,1
insan,1
divorc,1
trusteeship,1
shortest,1
chute,1
trivial,1
fright,1
coastguardsman,1
choir,1
keen,1
overse,1
honeymoon,1
lip,1
meaner,1
gunman,1
fasten,1
radioisotop,1
hegemoni,1
refresh,1
intertwin,1
prelud,1
mckinley,1
workaday,1
elk,1
nontariff,1
abstract,1
coastlin,1
montana,1
expropri,1
robot,1
pierr,1
outmatch,1
cavoli,1
bewild,1
liner,1
hypoderm,1
gibraltar,1
madman,1
ceylon,1
dalla,1
gov,1
curti,1
blend,1
plummet,1
czech,1
scoop,1
ardor,1
heedless,1
mansfield,1
slaughter,1
caraca,1
outstrip,1
keyboard,1
clipper,1
lippmann,1
otc,1
rearmament,1
firework,1
upset,1
microwav,1
overlaid,1
postmast,1
honeck,1
censorship,1
nonnegoti,1
unglamor,1
homecom,1
furi,1
ninefold,1
allay,1
mayflow,1
unselfishli,1
backbon,1
arthriti,1
tyrann,1
leisur,1
austrian,1
sueno,1
unshackl,1
ashtray,1
grind,1
dismay,1
falsehood,1
tanker,1
snap,1
coloss,1
cede,1
tamper,1
assail,1
flamboy,1
interc,1
serbia,1
icrc,1
wrought,1
fictiti,1
aimless,1
agil,1
unforese,1
lightn,1
sanitari,1
speedi,1
contemporari,1
iceland,1
anthem,1
warship,1
sewag,1
pin,1
coexist,1
vial,1
martial,1
pizza,1
treason,1
safehaven,1
podemo,1
bull,1
bethea,1
gaull,1
coyot,1
accel,1
yate,1
alan,1
payoff,1
belatedli,1
scorecard,1
backfit,1
glib,1
superhuman,1
zablocki,1
coerc,1
irbm,1
bankrol,1
mastermind,1
joann,1
shrivel,1
unambigu,1
canyon,1
humanli,1
hundredweight,1
salmon,1
insurrectionari,1
penniless,1
emphysema,1
wean,1
keenli,1
phenomen,1
ferrel,1
conduc,1
evict,1
dirksen,1
hysteria,1
salmonella,1
milan,1
polio,1
coastland,1
morri,1
touchston,1
burmes,1
demolit,1
woolsey,1
schooler,1
splinter,1
griev,1
disservic,1
expeditionari,1
osha,1
slander,1
coburn,1
snatch,1
pneumonia,1
unreward,1
reinstitut,1
rous,1
hundredth,1
talon,1
tumultu,1
sprawl,1
trucul,1
hammarskiold,1
shorelin,1
suffoc,1
tocquevil,1
perkin,1
tenfold,1
ramallah,1
evas,1
edward,1
induct,1
foredoom,1
uttermost,1
supervisori,1
toledo,1
mariana,1
influenza,1
uncompl,1
qualit,1
nonexist,1
sanchez,1
bono,1
disconcert,1
screener,1
intellect,1
statesman,1
rabin,1
loui,1
thin,1
imperson,1
gossip,1
pedernal,1
cup,1
abridg,1
veget,1
herbert,1
verbal,1
smokingrel,1
worthless,1
hunk,1
incess,1
curs,1
disclaim,1
unfett,1
uk,1
zambia,1
yitzhak,1
strictest,1
marijuana,1
feedgrain,1
cordray,1
undim,1
highcrim,1
verizon,1
downsiz,1
hobbl,1
staunch,1
warranti,1
problemsolv,1
haunt,1
rough,1
servicewomen,1
marit,1
medigap,1
unw,1
unequivoc,1
intermediari,1
lapaz,1
decod,1
diagram,1
wheelchair,1
gird,1
nonpubl,1
micronesia,1
anyplac,1
gavel,1
belli,1
indefin,1
letterman,1
assort,1
qatar,1
beautif,1
fitzgerald,1
invinc,1
rea,1
eagl,1
copay,1
relish,1
anthoni,1
entrepreneuri,1
kabul,1
signer,1
micromanag,1
declassifi,1
predica,1
taxload,1
vanquish,1
tenaci,1
musket,1
irrespect,1
varianc,1
philanthropist,1
xi,1
gallantli,1
couch,1
saigon,1
pendel,1
purveyor,1
greensburg,1
driveway,1
arrow,1
stalker,1
khrushchev,1
istanbul,1
improperli,1
galesburg,1
irregular,1
mohair,1
justli,1
selflessli,1
stunt,1
credenti,1
pluck,1
volcan,1
intransig,1
beachhead,1
conservationist,1
jane,1
servitud,1
skyjack,1
whichev,1
destabil,1
agribusi,1
eau,1
evergrow,1
antiballist,1
assimil,1
branik,1
rudolf,1
grammar,1
misgiv,1
beguil,1
wagepric,1
gal,1
coretta,1
crept,1
suu,1
abduct,1
authoritarian,1
fanat,1
painless,1
enclav,1
workfar,1
lsd,1
nightli,1
solomon,1
mourner,1
steubenvil,1
brooklyn,1
bestow,1
enthusiast,1
slumber,1
preoccupi,1
bori,1
franci,1
barb,1
indefens,1
modal,1
scenario,1
visual,1
incorrect,1
lit,1
restat,1
preordain,1
stiffen,1
crafti,1
composit,1
nanotechnolog,1
leve,1
purport,1
unfil,1
paradox,1
crawford,1
anytim,1
unarm,1
friday,1
filipino,1
regener,1
pike,1
downtown,1
infuri,1
roofer,1
infrequ,1
brandei,1
zest,1
anyway,1
profici,1
influx,1
newfound,1
tripoli,1
rim,1
deafen,1
yacht,1
heartfelt,1
subatom,1
reintroduc,1
greed,1
requisit,1
scrupul,1
gnaw,1
eleven,1
progresswhen,1
cleland,1
valiant,1
bane,1
sahel,1
yasser,1
skier,1
hometown,1
xiaop,1
finland,1
fun,1
crate,1
spann,1
extric,1
kay,1
sid,1
isolationist,1
surprisingli,1
sarajevo,1
transistor,1
tolbert,1
burton,1
undramat,1
cadet,1
grab,1
hereditari,1
cafe,1
rwanda,1
skeleton,1
lighter,1
thirtyf,1
prestig,1
cowardli,1
stove,1
unload,1
mbfr,1
pot,1
nonwhit,1
peculiar,1
mindless,1
lieberman,1
plainer,1
mitterrand,1
kenya,1
scrape,1
agon,1
overgrown,1
supremaci,1
handcuff,1
proportion,1
endiv,1
behead,1
overwatch,1
apparatu,1
blew,1
ahearn,1
engend,1
memorandum,1
reproach,1
klaa,1
vers,1
paducah,1
evok,1
forthwith,1
exil,1
riyadh,1
childrear,1
mutil,1
egregi,1
heartwarm,1
huddl,1
marion,1
campu,1
embryon,1
airman,1
weld,1
destruction,1
counsellor,1
evenhand,1
undersign,1
chilean,1
crackdown,1
assigne,1
fugit,1
projob,1
unbroken,1
gloomi,1
blower,1
tame,1
scandinavian,1
checker,1
pendulum,1
foul,1
quito,1
hawaiian,1
scriptur,1
denmark,1
stun,1
kassebaum,1
bulldoz,1
uncommon,1
forgo,1
playwright,1
drip,1
homefront,1
tourism,1
pine,1
wherea,1
pertain,1
proprietari,1
minh,1
tuberculosi,1
bait,1
overt,1
calich,1
worm,1
bolshevik,1
deaf,1
patsi,1
accentu,1
oxygen,1
conrad,1
bakk,1
sharif,1
interdepartment,1
horrend,1
unimport,1
diego,1
sane,1
roncador,1
timebomb,1
amerika,1
redeem,1
lenni,1
stave,1
dwarf,1
carriag,1
cosign,1
prejud,1
redistribut,1
discontinu,1
diametr,1
terrestri,1
exploratori,1
embellish,1
donna,1
tibet,1
fairest,1
glassboro,1
zoom,1
disdain,1
longrun,1
resal,1
cite,1
debilit,1
lafayett,1
worldpartnership,1
dough,1
mph,1
ordinarili,1
layer,1
minefield,1
michael,1
dodg,1
reaper,1
hermi,1
sequenc,1
supereffici,1
catalogu,1
craftsman,1
reemerg,1
pow,1
observatori,1
profutur,1
prerequisit,1
con,1
gravit,1
commonplac,1
houser,1
arafat,1
coat,1
phnom,1
smartphon,1
belgium,1
saltwat,1
jeremiah,1
headach,1
transcontinent,1
cough,1
triest,1
restriction,1
khalid,1
gloom,1
monsanto,1
drinker,1
tzu,1
upbring,1
athif,1
rodino,1
dirtier,1
disillus,1
vacil,1
overload,1
chairmanship,1
jacket,1
dissatisfi,1
antiterror,1
drugpush,1
froze,1
sniper,1
inexhaust,1
silenc,1
fame,1
laundri,1
moakley,1
gangster,1
aboard,1
don,1
sammi,1
justif,1
repledg,1
brinksmanship,1
farmwork,1
tierra,1
workingman,1
breadth,1
biennial,1
tab,1
impot,1
bangladesh,1
attrit,1
idli,1
catalyz,1
unto,1
ave,1
cleric,1
outpati,1
mushroom,1
azor,1
distract,1
ibm,1
sarin,1
petraeu,1
watchdog,1
unrepent,1
nonurban,1
crown,1
precaut,1
hog,1
peaceabl,1
fort,1
tampa,1
whop,1
upsid,1
demagog,1
eu,1
alleyway,1
unfavor,1
pathfind,1
vill,1
herebi,1
rife,1
okinawa,1
fig,1
shalala,1
sana,1
alma,1
caucu,1
impass,1
warmli,1
sequest,1
wyom,1
exorbit,1
portabl,1
debtor,1
possessor,1
ceaseless,1
outperform,1
misread,1
median,1
unwind,1
waterfront,1
obama,1
crust,1
sparkl,1
glibli,1
alarmist,1
sikh,1
everstrong,1
airsh,1
alesandro,1
dampen,1
demar,1
steed,1
thumb,1
drama,1
harriet,1
plumber,1
islamist,1
dakota,1
leonard,1
unkept,1
secretariat,1
grenada,1
dispel,1
isaiah,1
creas,1
rethink,1
pflugervil,1
ritterbi,1
hedg,1
aloud,1
bang,1
contagi,1
meltdown,1
suspici,1
flesh,1
samar,1
wrangl,1
clutter,1
smithsonian,1
childbear,1
headway,1
unselfish,1
dens,1
junta,1
tube,1
fitc,1
unhcr,1
puritan,1
patrick,1
fumbl,1
zion,1
prewar,1
contempt,1
rational,1
institutionsand,1
ozal,1
guilt,1
shipyard,1
strap,1
bolder,1
corpu,1
unpalat,1
inglori,1
nitpick,1
footrac,1
lapel,1
spokesman,1
piou,1
swifter,1
impart,1
cystic,1
thomas,1
omit,1
faint,1
lard,1
insolubl,1
symphoni,1
demis,1
dip,1
childcar,1
stare,1
withdrew,1
alianza,1
stapl,1
workingmen,1
epitom,1
psychotrop,1
reschedul,1
unnatur,1
tract,1
dilapid,1
mae,1
kilroy,1
nehru,1
uncompetit,1
rumbl,1
libyaninspir,1
oner,1
fervent,1
relic,1
elyria,1
benevol,1
misti,1
reemphas,1
blumenth,1
kosygin,1
fryingpan,1
exig,1
karzai,1
playbook,1
nazism,1
lax,1
commando,1
racist,1
parasit,1
conspir,1
thereto,1
multibillion,1
tender,1
ailment,1
rite,1
indigen,1
shaper,1
fiasco,1
hormon,1
valorem,1
intermitt,1
millimet,1
revolt,1
unprovok,1
unyield,1
singer,1
needl,1
untrain,1
reconstitut,1
safekeep,1
childbirth,1
easter,1
coosa,1
dispassion,1
kazahkstan,1
strasbourg,1
blackwel,1
untim,1
interf,1
dispar,1
campbel,1
cole,1
pulaski,1
shutdown,1
cutoff,1
noncompetit,1
script,1
neil,1
rebutt,1
wye,1
snow,1
helplessli,1
handheld,1
disfigur,1
serbian,1
glean,1
schoolyard,1
latent,1
lieu,1
incoher,1
elli,1
cathol,1
stayat,1
guarantor,1
damascu,1
beslan,1
havana,1
liberian,1
hair,1
steuben,1
compress,1
mujahidin,1
unscrupul,1
quickest,1
telegraph,1
welltrain,1
particl,1
stigma,1
antiguerilla,1
whenc,1
hodgepodg,1
enjoin,1
chairmen,1
costar,1
tuzla,1
diversif,1
wholeheartedli,1
bishop,1
abba,1
nepal,1
ineleg,1
mustard,1
antimissil,1
unhappiest,1
teardrop,1
perenni,1
pollyanna,1
petaluma,1
garnish,1
bulker,1
unplan,1
hamburg,1
balkan,1
peasant,1
kent,1
bidder,1
style,1
dilut,1
cradl,1
nonsensit,1
davi,1
canist,1
hing,1
enunci,1
scar,1
dna,1
random,1
ramo,1
feint,1
cleans,1
versatil,1
businesslik,1
pendleton,1
paraphras,1
fao,1
alton,1
von,1
salin,1
cerebr,1
jure,1
reiter,1
gardner,1
marcher,1
vener,1
athwart,1
casket,1
evan,1
gouverneur,1
grantsmen,1
cute,1
sandburg,1
ruckelshau,1
extermin,1
peyser,1
fiver,1
atf,1
clergi,1
underneath,1
jaish,1
vietnamera,1
fda,1
resubmit,1
unlaw,1
hindu,1
tumbl,1
vandenberg,1
atop,1
meat,1
ebola,1
caseload,1
steadfastli,1
antimonopoli,1
shed,1
mast,1
eda,1
claus,1
disney,1
fountainhead,1
unquest,1
musharraf,1
lodg,1
malign,1
soranno,1
pathbreak,1
depestr,1
hiroshima,1
underworld,1
scout,1
pent,1
mous,1
esteem,1
quemoy,1
pricedepress,1
psalmist,1
mattingli,1
overwork,1
drugfre,1
chesapeak,1
superbl,1
firesid,1
equivoc,1
henceforth,1
profoundest,1
overestim,1
fantast,1
insens,1
william,1
knee,1
cordial,1
intrins,1
hindsight,1
leak,1
cleo,1
friction,1
diphtheria,1
subtract,1
bentsen,1
catchword,1
semant,1
gdansk,1
dazzl,1
stitch,1
reoutfit,1
fuego,1
absorpt,1
redeploy,1
cruiser,1
nonintervent,1
heath,1
feloni,1
provision,1
sceptic,1
amiss,1
cyberspac,1
liaison,1
enmiti,1
spokesperson,1
megaton,1
chernobyl,1
nagasaki,1
exorbitantli,1
sima,1
allentown,1
volcano,1
jason,1
uselessli,1
clem,1
blown,1
paragraph,1
uneconom,1
pianist,1
coalfield,1
aesthet,1
unassail,1
textil,1
venom,1
hassan,1
hastili,1
shadowi,1
fodder,1
espionag,1
chemotherapi,1
surer,1
repuls,1
jubil,1
remad,1
multiyear,1
nondefens,1
warren,1
immut,1
retrospect,1
studious,1
pessim,1
sack,1
faintli,1
awok,1
enquiri,1
artilleri,1
intemper,1
barbado,1
lest,1
sentri,1
recogniz,1
unfail,1
secretli,1
whittier,1
milwauke,1
mesbic,1
bowen,1
unsubsid,1
deflect,1
saturn,1
yogi,1
circumnavig,1
checkmat,1
kingpin,1
devastatingli,1
gettysburg,1
bernard,1
unequal,1
nobel,1
samoa,1
fritter,1
biblic,1
roger,1
arduou,1
forego,1
neocoloni,1
scowcroft,1
digress,1
lure,1
typewrit,1
blacksburg,1
uniformli,1
boon,1
robin,1
peripheri,1
spendthrift,1
sworn,1
softli,1
terrain,1
overarch,1
kean,1
drumbeat,1
whoop,1
oregon,1
chafe,1
duli,1
carson,1
despic,1
epoch,1
rumania,1
ici,1
unmet,1
dive,1
sidetrack,1
commenc,1
innermost,1
mainlain,1
endlessli,1
calib,1
pie,1
reykjavik,1
journalist,1
asad,1
rig,1
para,1
subscript,1
handshak,1
carpent,1
tent,1
interwoven,1
slate,1
jeff,1
authorit,1
springfield,1
breathless,1
statuari,1
swim,1
grandchild,1
fibrosi,1
harkin,1
garden,1
norfolk,1
indign,1
andreotti,1
aneurysm,1
polli,1
inquir,1
ghana,1
peddl,1
soulless,1
raf,1
jar,1
missouri,1
rocksolid,1
groom,1
grandmoth,1
fume,1
landbas,1
btu,1
hamstrung,1
insourc,1
unsuit,1
nih,1
manuscript,1
hurri,1
sheik,1
echelon,1
lightli,1
rampart,1
freest,1
forag,1
staf,1
landrum,1
riffl,1
progreso,1
spacelab,1
rearm,1
shopkeep,1
skid,1
oar,1
etat,1
dillon,1
supermarket,1
counterstrik,1
compuls,1
misdirect,1
reunion,1
lou,1
impel,1
surf,1
timidli,1
bray,1
wto,1
mcclellan,1
therapi,1
skylab,1
outgun,1
undivid,1
kuwaiti,1
yellow,1
biodiesel,1
crucibl,1
opa,1
judeo,1
incap,1
humve,1
static,1
brillianc,1
misrepres,1
switchgrass,1
astern,1
overexpand,1
engross,1
superson,1
gallant,1
involuntarili,1
apprehens,1
rodriguez,1
tith,1
discont,1
cobra,1
focuss,1
haphazard,1
click,1
stomach,1
condescend,1
oliv,1
doubli,1
doorstep,1
senselessli,1
reportedli,1
evenhandedli,1
untrammel,1
antifraud,1
dougla,1
vocal,1
hamid,1
fring,1
unravel,1
litter,1
constitution,1
seoul,1
sevenfold,1
refut,1
whatsoev,1
silhouett,1
thompson,1
sticker,1
expansionist,1
counterfeit,1
detest,1
pare,1
implor,1
pakistani,1
vantag,1
runaround,1
sanctiti,1
meanest,1
dart,1
dictatori,1
cyru,1
molecular,1
contriv,1
trickl,1
fan,1
bulg,1
squander,1
bunch,1
grimli,1
diverg,1
brightli,1
multiparti,1
delug,1
firetrap,1
pete,1
contractu,1
cfr,1
fibr,1
exposur,1
condon,1
sensor,1
scribbl,1
unequ,1
nonmilitari,1
shallu,1
punta,1
complain,1
jealous,1
rebuf,1
edinboro,1
irresolut,1
rot,1
aptli,1
anzu,1
scaveng,1
bendjedid,1
chasten,1
battlelin,1
pointless,1
anglo,1
ignit,1
westmoreland,1
jam,1
selv,1
sin,1
upsw,1
picket,1
crawl,1
ancestri,1
marbl,1
boast,1
swipe,1
hopelessli,1
spectat,1
sportsmen,1
monro,1
virgin,1
trinidad,1
forestland,1
lucki,1
guzzl,1
lap,1
seller,1
avow,1
mothbal,1
suburban,1
climax,1
stolen,1
alic,1
retina,1
unattain,1
heartbroken,1
vindict,1
chat,1
baton,1
germ,1
subcommitte,1
overstimul,1
reabsorb,1
dish,1
rider,1
damper,1
stigmat,1
ribbon,1
fatherless,1
campollo,1
legion,1
numb,1
traine,1
energetx,1
diana,1
scapego,1
noisi,1
deplet,1
resumpt,1
inhibit,1
commonli,1
chop,1
fatigu,1
comeback,1
blink,1
est,1
nonresidenti,1
unfund,1
noncommunist,1
mediocr,1
safetylaw,1
vchip,1
taunt,1
danc,1
overburden,1
loud,1
tenur,1
linger,1
pretens,1
rediscoveri,1
bruis,1
aloof,1
brotherli,1
fluorid,1
undeni,1
louisvil,1
transmitt,1
parole,1
seapow,1
eastward,1
complexion,1
dumper,1
nonviol,1
fahd,1
dishearten,1
max,1
wenl,1
preponder,1
latitud,1
slim,1
adnan,1
highschool,1
concis,1
brine,1
stalag,1
flaunt,1
clarif,1
entangl,1
angular,1
grander,1
asiat,1
instantan,1
slowest,1
ritter,1
majorett,1
nonstrateg,1
gainer,1
paratransit,1
swindl,1
bigot,1
orrin,1
seabas,1
flash,1
knowingli,1
righteous,1
rewrit,1
swear,1
gallantri,1
dissatisfact,1
reluct,1
desol,1
undergird,1
birthplac,1
respiratori,1
delus,1
aerospac,1
reapportion,1
typhoon,1
recept,1
unhesit,1
fingerpoint,1
packard,1
nate,1
smallbusi,1
valv,1
potato,1
plural,1
mug,1
backyard,1
eaten,1
reson,1
borderland,1
meteorolog,1
circumscrib,1
unholi,1
chariot,1
tatter,1
firmest,1
frail,1
scrambl,1
unresolv,1
transshipp,1
groan,1
indianapoli,1
sputter,1
gyn,1
quilt,1
workmen,1
blandish,1
caregiv,1
irreconcil,1
mortar,1
mirv,1
doubter,1
signifi,1
farmerown,1
brevard,1
flat,1
theft,1
hast,1
punchlin,1
mediatori,1
secondaryeduc,1
bore,1
percept,1
macarthur,1
knotti,1
brood,1
lent,1
whet,1
yanke,1
bibl,1
denver,1
courtesi,1
doomsday,1
trickledown,1
interbranch,1
ss,1
elvi,1
counten,1
sharpen,1
striven,1
vestibul,1
merchandis,1
dingi,1
convincingli,1
coalesc,1
payday,1
capitul,1
depositor,1
glare,1
nonoccup,1
deadbeat,1
crescendo,1
lyndon,1
roth,1
boll,1
sinai,1
monolith,1
robberi,1
rotc,1
hereaft,1
reminisc,1
stationari,1
flextim,1
shelley,1
santa,1
disapprov,1
oxcart,1
strikingli,1
forcibl,1
gunner,1
mister,1
firsthand,1
innumer,1
wrap,1
bogu,1
plead,1
uninspir,1
shanghai,1
medal,1
payer,1
spike,1
treacher,1
profamili,1
adolfo,1
upsurg,1
vestig,1
espous,1
coli,1
wallpost,1
defus,1
quartet,1
piedmont,1
lastingli,1
catalog,1
scheme,1
registri,1
unprofit,1
erich,1
lilli,1
colonel,1
tout,1
comma,1
footnot,1
foodstuff,1
surnam,1
milosev,1
radar,1
smoothli,1
clearest,1
puriti,1
england,1
lineitem,1
noon,1
tongu,1
kneel,1
nonsecur,1
infami,1
pri,1
materialist,1
inconceiv,1
capp,1
taint,1
intercommun,1
newark,1
ministeri,1
chew,1
stadium,1
unhind,1
freak,1
panacea,1
acheson,1
jeopardi,1
unprotect,1
brainpow,1
purer,1
unmarri,1
nitrogen,1
boldest,1
wick,1
unclog,1
brand,1
boondoggl,1
err,1
disposit,1
payabl,1
manhunt,1
bastion,1
elaps,1
impenetr,1
supplant,1
janeiro,1
cybernet,1
rung,1
balki,1
pothol,1
width,1
suck,1
lindbergh,1
sensation,1
allur,1
irrat,1
reorder,1
promulg,1
precondit,1
floodlight,1
strenuou,1
mire,1
castro,1
gaseou,1
multiraci,1
historian,1
foremen,1
enliste,1
bloat,1
wrack,1
lianna,1
protectionist,1
doer,1
overstaf,1
dispens,1
graze,1
formerli,1
bail,1
blast,1
kindest,1
fi,1
uncar,1
mammogram,1
treatabl,1
copi,1
athist,1
vx,1
devolv,1
grumbl,1
lanka,1
cassandra,1
scare,1
abm,1
repaint,1
clayton,1
realm,1
coerciv,1
uphil,1
lotteri,1
guatemala,1
steelmak,1
fisherman,1
bravest,1
fearlessli,1
cemeteri,1
pittsburgh,1
palm,1
obedi,1
precipit,1
improvis,1
feverish,1
collid,1
rattl,1
oratori,1
spider,1
soften,1
unskil,1
prodigi,1
adag,1
fineri,1
versa,1
gleam,1
deadwood,1
communiqu,1
migratori,1
allamerican,1
inmat,1
drone,1
wager,1
misl,1
spurt,1
unimpair,1
freeway,1
