inalien,0
wherebi,1
autrey,2
sunshin,3
vehicl,4
sorri,5
unpopular,6
inspector,7
pray,8
instant,9
slash,10
refus,11
proudest,12
compassion,13
paid,14
persuad,15
look,16
burdensom,17
ride,18
transfer,19
humil,20
project,21
bureaucrat,22
prosper,23
unborn,24
restart,25
naysay,26
excess,27
congo,28
shown,29
immigr,30
blind,31
essenti,32
reserv,33
gallon,34
spanish,35
expand,36
forecast,37
pariti,38
frugal,39
express,40
tremend,41
sudden,42
femal,43
shipbuild,44
redress,45
sourc,46
laden,47
heritag,48
sewer,49
echo,50
pride,51
capita,52
strength,53
restrict,54
tomorrow,55
user,56
subcontin,57
chart,58
nineteen,59
hubert,60
account,61
childhood,62
windfal,63
russian,64
parallel,65
ix,66
racial,67
genocid,68
bloodsh,69
democraci,70
co,71
risk,72
ignor,73
summon,74
downward,75
suspect,76
reced,77
incred,78
conceal,79
almighti,80
bomb,81
altogeth,82
articl,83
honor,84
overnight,85
depart,86
selfish,87
traffic,88
review,89
criteria,90
transport,91
refug,92
dual,93
homeown,94
rescu,95
sluggish,96
deduct,97
honesti,98
afflict,99
interior,100
encourag,101
signific,102
rio,103
unrest,104
vietnames,105
madam,106
invas,107
christma,108
complac,109
inflict,110
jail,111
marshal,112
equilibrium,113
corrod,114
enorm,115
interfer,116
narcot,117
preserv,118
coloni,119
husband,120
correct,121
thoroughli,122
egypt,123
attract,124
trevor,125
pathway,126
human,127
soviet,128
victori,129
accommod,130
fastest,131
buy,132
ashley,133
benefit,134
gone,135
initi,136
conserv,137
andrew,138
individu,139
budget,140
beyond,141
scale,142
occasion,143
ventur,144
unusu,145
everyon,146
harsh,147
uniqu,148
match,149
guidanc,150
custom,151
elementari,152
econom,153
scrutini,154
retire,155
aviat,156
sat,157
famin,158
sensibl,159
contributori,160
rightli,161
howard,162
somehow,163
elsewher,164
turbul,165
kingdom,166
left,167
domin,168
action,169
portug,170
redefin,171
geographi,172
exact,173
supercomput,174
templ,175
present,176
board,177
indivis,178
taft,179
english,180
venic,181
shortchang,182
cyclic,183
note,184
junk,185
decre,186
disarm,187
type,188
reded,189
consolid,190
prioriti,191
compens,192
imped,193
eighti,194
atlant,195
unconstitut,196
aigner,197
plug,198
cyber,199
usama,200
habitat,201
lay,202
partial,203
integr,204
credibl,205
beacon,206
gap,207
brotherhood,208
tension,209
barbara,210
revers,211
duti,212
stern,213
spring,214
interdepend,215
lobbi,216
reconcil,217
week,218
dear,219
face,220
convict,221
foolish,222
rudman,223
compar,224
sunris,225
author,226
inconsist,227
remark,228
readi,229
recognit,230
eas,231
juri,232
member,233
substanti,234
itali,235
space,236
submiss,237
earner,238
policeman,239
stretch,240
giant,241
odd,242
intrus,243
muslim,244
zone,245
geograph,246
react,247
partisan,248
preemin,249
pessimist,250
appli,251
inequ,252
black,253
pakistan,254
tick,255
abat,256
franklin,257
overregul,258
teach,259
larg,260
equit,261
control,262
outlaw,263
luca,264
complex,265
academi,266
intens,267
sphere,268
persian,269
oblig,270
affect,271
accid,272
measur,273
cheaper,274
inspir,275
common,276
yard,277
safest,278
wall,279
complic,280
feasibl,281
applaus,282
monument,283
useless,284
incorpor,285
food,286
length,287
domest,288
prepaid,289
glori,290
deriv,291
pale,292
contact,293
thank,294
reassess,295
field,296
everyth,297
argu,298
power,299
rate,300
beneficiari,301
iraq,302
vaccin,303
addict,304
marri,305
budg,306
stick,307
breast,308
disadvantag,309
thwart,310
pocket,311
compos,312
sale,313
herd,314
relianc,315
canal,316
utmost,317
era,318
nearest,319
neg,320
gut,321
equip,322
estat,323
ten,324
inequit,325
animos,326
chapter,327
backward,328
shut,329
friendship,330
lengthi,331
bureaucraci,332
speech,333
schoolhous,334
timid,335
founder,336
pois,337
unlimit,338
circumst,339
openli,340
pure,341
basi,342
philippin,343
jointli,344
nasa,345
fork,346
bullet,347
roosevelt,348
sizabl,349
unemploy,350
outright,351
censu,352
enabl,353
energi,354
termin,355
wave,356
insensit,357
crack,358
uppermost,359
icbm,360
investor,361
guarante,362
januari,363
persist,364
competitor,365
lone,366
yearli,367
nato,368
activ,369
briefli,370
breed,371
tune,372
advantag,373
africa,374
nomine,375
storag,376
warn,377
prior,378
corn,379
embargo,380
drawn,381
unexpect,382
genom,383
har,384
pleasant,385
deliber,386
sanction,387
greatest,388
partli,389
sunlight,390
prompt,391
potomac,392
exist,393
morn,394
decay,395
world,396
cent,397
shield,398
reapprais,399
propheci,400
powerpl,401
dam,402
intensifi,403
personnel,404
afford,405
unnecessari,406
statutori,407
expans,408
overrid,409
regiment,410
deepest,411
suggest,412
johnson,413
win,414
sounder,415
scientist,416
cours,417
abreast,418
fatal,419
retroact,420
repeal,421
schoolroom,422
proclam,423
tribut,424
categori,425
overshadow,426
probabl,427
nonprofit,428
thailand,429
unrestrain,430
keeper,431
understood,432
inappropri,433
percent,434
girl,435
absorb,436
differ,437
appointe,438
bottleneck,439
illicit,440
tunisia,441
expert,442
exercis,443
massiv,444
humphrey,445
younger,446
sunday,447
princip,448
kosovo,449
mine,450
grip,451
viet,452
mobil,453
journey,454
greek,455
pre,456
nixonth,457
violent,458
complaint,459
jurisdict,460
flight,461
legitim,462
undermin,463
offend,464
stroke,465
advocaci,466
survivor,467
reinvent,468
file,469
per,470
attach,471
steadi,472
convers,473
perez,474
shortcom,475
brain,476
gase,477
unforeseen,478
defect,479
shortsight,480
carv,481
classroom,482
hatch,483
opinion,484
boundari,485
tornado,486
breach,487
jill,488
suffici,489
preach,490
borrow,491
deport,492
await,493
iowa,494
refrain,495
color,496
farmer,497
infrastructur,498
seek,499
math,500
wilson,501
drove,502
heaven,503
ensu,504
amtrak,505
undo,506
compart,507
solemn,508
drill,509
audienc,510
cosmet,511
allow,512
drop,513
controversi,514
comput,515
dan,516
exhibit,517
restless,518
broken,519
detent,520
residenti,521
consum,522
insular,523
fairer,524
intervent,525
poll,526
cheap,527
resettl,528
wiretap,529
redirect,530
longest,531
scrutin,532
fire,533
creator,534
chain,535
director,536
carbon,537
retail,538
america,539
secondli,540
parol,541
room,542
spontan,543
religi,544
grid,545
instabl,546
lie,547
specul,548
gun,549
god,550
toxic,551
palestin,552
blow,553
vital,554
immort,555
freshman,556
instead,557
ingredi,558
policemen,559
wherev,560
promin,561
vocat,562
tenant,563
jewish,564
origin,565
avoid,566
soundli,567
patent,568
forefront,569
mortal,570
condominium,571
gasohol,572
boehner,573
sent,574
british,575
afternoon,576
batter,577
respons,578
slide,579
thirti,580
territori,581
unwant,582
absenc,583
persecut,584
frequent,585
aftermath,586
evidenc,587
reform,588
forgot,589
ira,590
sake,591
wider,592
influenc,593
star,594
perpetu,595
cherish,596
resid,597
align,598
envi,599
uncheck,600
rejoin,601
overwhelmingli,602
obstacl,603
foster,604
theme,605
aim,606
bilater,607
chronic,608
question,609
oil,610
needi,611
contributor,612
reliev,613
scene,614
assess,615
legislatur,616
mar,617
buildup,618
opportun,619
easier,620
dialog,621
outstand,622
tortur,623
parcel,624
goodwil,625
norwood,626
proclaim,627
crash,628
wash,629
untouch,630
cheapest,631
allevi,632
heat,633
thirteen,634
unconscion,635
polit,636
centuri,637
repay,638
invent,639
mx,640
penal,641
reagan,642
vice,643
crowd,644
brilliant,645
last,646
boot,647
longer,648
elect,649
tejeda,650
drain,651
veto,652
oklahoma,653
host,654
send,655
minim,656
flee,657
insurg,658
arbitr,659
anxiou,660
rape,661
spectacular,662
burst,663
interag,664
quiet,665
airport,666
pact,667
factori,668
enlighten,669
local,670
truli,671
demean,672
slum,673
sahara,674
provok,675
exceed,676
exampl,677
landmark,678
sought,679
rhodesia,680
nationalist,681
appoint,682
groundwork,683
babi,684
underserv,685
greec,686
gimmick,687
base,688
estim,689
troublesom,690
invulner,691
found,692
film,693
magnitud,694
crop,695
grief,696
oa,697
core,698
current,699
withdraw,700
careless,701
obsolet,702
lawrenc,703
speed,704
littl,705
realiti,706
term,707
clearli,708
statement,709
youngest,710
join,711
someth,712
spous,713
embassi,714
blackmail,715
provinc,716
emin,717
belong,718
fortun,719
shatter,720
stall,721
bipartisanship,722
someplac,723
uncov,724
divid,725
drift,726
throw,727
class,728
grim,729
russel,730
parkland,731
chamber,732
fulli,733
around,734
uranium,735
hesit,736
siemen,737
compon,738
railway,739
broadli,740
voucher,741
hungari,742
oak,743
minuteman,744
classif,745
mediat,746
penni,747
deleg,748
reconnaiss,749
cohes,750
birth,751
focal,752
fuller,753
best,754
sullivan,755
relationship,756
preposit,757
secret,758
adversari,759
foot,760
driver,761
pack,762
monstrou,763
mountaintop,764
build,765
rent,766
north,767
birthday,768
ga,769
alcohol,770
matern,771
sell,772
wholli,773
patrol,774
unrel,775
hijack,776
torment,777
polic,778
domain,779
freer,780
inevit,781
disastr,782
guardian,783
mtn,784
chicago,785
seven,786
persuas,787
headlin,788
reprocess,789
somewher,790
newest,791
identifi,792
though,793
cell,794
school,795
divin,796
legal,797
cypru,798
truth,799
subtl,800
approxim,801
leader,802
craft,803
swell,804
deregul,805
precis,806
lobbyist,807
american,808
motiv,809
congress,810
educ,811
studi,812
spur,813
commerci,814
equat,815
fifteen,816
americorp,817
tiro,818
sold,819
dearli,820
punit,821
commiss,822
appeas,823
signal,824
biomass,825
manila,826
compris,827
diabet,828
opposit,829
advis,830
worth,831
men,832
fierc,833
qaida,834
better,835
virginia,836
carrier,837
disproportion,838
sdi,839
deal,840
shelf,841
gore,842
steal,843
enter,844
assum,845
awesom,846
stride,847
squeez,848
martin,849
shoulder,850
internet,851
establish,852
stalk,853
bit,854
janet,855
resolv,856
quick,857
chang,858
torn,859
parkinson,860
conclud,861
season,862
peru,863
forti,864
tort,865
discord,866
sow,867
hew,868
beaten,869
grow,870
whatev,871
destini,872
commonsens,873
treati,874
woodrow,875
orlean,876
evil,877
convent,878
lifeblood,879
mismanag,880
underestim,881
lender,882
tin,883
motor,884
mistaken,885
self,886
popular,887
graduat,888
texa,889
emphas,890
consequ,891
disast,892
inher,893
histori,894
chao,895
indispens,896
lose,897
anniversari,898
adjourn,899
discret,900
brandon,901
nowher,902
specifi,903
oldest,904
gulf,905
ratif,906
deadli,907
satisfactori,908
guantanamo,909
surmount,910
shorter,911
although,912
bush,913
toil,914
run,915
occur,916
demand,917
aspect,918
straight,919
height,920
whenev,921
tactic,922
irreplac,923
telecommun,924
main,925
plan,926
seaway,927
gray,928
bob,929
progrowth,930
supplier,931
expenditur,932
choke,933
chair,934
frank,935
theater,936
airlift,937
pour,938
angola,939
overturn,940
thor,941
carolina,942
output,943
mostli,944
spectacl,945
regulatori,946
moscow,947
rebirth,948
holl,949
result,950
techniqu,951
sacrific,952
unit,953
ration,954
pressur,955
simpli,956
roll,957
count,958
refund,959
approv,960
faction,961
autonomi,962
balanc,963
ceo,964
saddl,965
frankli,966
union,967
warmth,968
uneasi,969
sexual,970
brigad,971
hurrican,972
homeless,973
shame,974
embrac,975
concili,976
prey,977
repeat,978
endless,979
jonesboro,980
need,981
sweep,982
advoc,983
counter,984
intellectu,985
fever,986
leaner,987
insist,988
temporarili,989
rid,990
suspens,991
tempt,992
civic,993
disabl,994
nicaraguan,995
undergo,996
highest,997
minor,998
iranian,999
mediterranean,1000
helsinki,1001
dentist,1002
reveal,1003
adventur,1004
atmospher,1005
wake,1006
mankind,1007
unfortun,1008
caution,1009
narrow,1010
coup,1011
terrorist,1012
poland,1013
berlin,1014
roughli,1015
imperialist,1016
inabl,1017
slump,1018
transact,1019
achiev,1020
facil,1021
sad,1022
lao,1023
cross,1024
product,1025
greatli,1026
rubber,1027
petroleum,1028
eitc,1029
repeatedli,1030
boycott,1031
ceil,1032
freed,1033
white,1034
plea,1035
everyday,1036
manifestli,1037
everglad,1038
fallen,1039
formula,1040
progress,1041
row,1042
innoc,1043
safeguard,1044
hearten,1045
pursuit,1046
hybrid,1047
polici,1048
medium,1049
pier,1050
desir,1051
basic,1052
arm,1053
uncomfort,1054
record,1055
threaten,1056
flexibl,1057
car,1058
green,1059
nearli,1060
sure,1061
walk,1062
sign,1063
weaker,1064
cotton,1065
laura,1066
station,1067
loan,1068
detail,1069
artist,1070
adjust,1071
roof,1072
doom,1073
alabama,1074
clash,1075
caught,1076
rebuilt,1077
baghdad,1078
dare,1079
reaffirm,1080
trucker,1081
soar,1082
shelter,1083
bioterror,1084
iron,1085
farmland,1086
recogn,1087
quot,1088
label,1089
trade,1090
life,1091
importantli,1092
format,1093
branch,1094
nhsc,1095
lot,1096
drastic,1097
lowest,1098
endeavor,1099
fair,1100
therefor,1101
consent,1102
amp,1103
element,1104
germani,1105
california,1106
gener,1107
aggress,1108
occup,1109
amend,1110
retrain,1111
substanc,1112
stifl,1113
german,1114
descend,1115
crisi,1116
shi,1117
columbia,1118
cheat,1119
tipper,1120
warsaw,1121
nativ,1122
futur,1123
cold,1124
exploit,1125
latest,1126
worthwhil,1127
someon,1128
explod,1129
corros,1130
toler,1131
automak,1132
front,1133
team,1134
asset,1135
cop,1136
compet,1137
justic,1138
method,1139
rapid,1140
evid,1141
concret,1142
syria,1143
donor,1144
calcul,1145
skin,1146
risktak,1147
thorough,1148
pregnanc,1149
reviv,1150
repres,1151
big,1152
justifi,1153
outward,1154
reaction,1155
atla,1156
revamp,1157
obsess,1158
chap,1159
automat,1160
notic,1161
oppress,1162
anybodi,1163
dredg,1164
regardless,1165
cypress,1166
wring,1167
man,1168
episod,1169
provis,1170
usag,1171
elderli,1172
barrel,1173
inclus,1174
properli,1175
ralli,1176
enterpris,1177
stamp,1178
learn,1179
water,1180
allegi,1181
overdu,1182
fiscal,1183
revit,1184
forbidden,1185
promot,1186
rest,1187
increasingli,1188
condit,1189
planner,1190
factor,1191
excis,1192
czechoslovakia,1193
pool,1194
slow,1195
nineti,1196
interact,1197
ranger,1198
billion,1199
alloc,1200
wise,1201
anger,1202
hammer,1203
disagre,1204
point,1205
passeng,1206
deliv,1207
bulwark,1208
japan,1209
lawless,1210
ii,1211
receiv,1212
maryland,1213
republ,1214
travel,1215
especi,1216
furnish,1217
countless,1218
border,1219
contain,1220
debat,1221
air,1222
temporari,1223
inhabit,1224
uruguay,1225
direct,1226
assumpt,1227
arous,1228
booth,1229
third,1230
freeli,1231
ferment,1232
provid,1233
unsolv,1234
va,1235
tight,1236
averag,1237
popul,1238
group,1239
seventi,1240
persever,1241
reclam,1242
listen,1243
paus,1244
militarili,1245
realist,1246
yemen,1247
aggressor,1248
steadfast,1249
heed,1250
wind,1251
owner,1252
aircraft,1253
unknown,1254
stalem,1255
swept,1256
span,1257
actual,1258
partisanship,1259
brian,1260
shalt,1261
ask,1262
preced,1263
earnestli,1264
rail,1265
hud,1266
trigger,1267
disord,1268
arctic,1269
countri,1270
florida,1271
suspend,1272
intimid,1273
fli,1274
happi,1275
impact,1276
registr,1277
wife,1278
prais,1279
decis,1280
particular,1281
sole,1282
earmark,1283
luxuri,1284
master,1285
smaller,1286
nonpartisan,1287
state,1288
represent,1289
grew,1290
verifi,1291
radioact,1292
whose,1293
mutual,1294
kinslow,1295
winter,1296
export,1297
flank,1298
iran,1299
hank,1300
heir,1301
tangibl,1302
audit,1303
seal,1304
remind,1305
bought,1306
incent,1307
shrink,1308
octob,1309
rais,1310
comprehens,1311
emb,1312
unanim,1313
machin,1314
modest,1315
total,1316
arriv,1317
cynic,1318
genet,1319
plu,1320
airway,1321
peac,1322
grain,1323
conspiraci,1324
concentr,1325
belt,1326
interest,1327
cuba,1328
solidar,1329
forgotten,1330
imposs,1331
conquer,1332
work,1333
missil,1334
dark,1335
visibl,1336
fortress,1337
workforc,1338
optim,1339
reopen,1340
misguid,1341
driven,1342
amount,1343
overcrowd,1344
enemi,1345
bond,1346
shoot,1347
omnibu,1348
prematur,1349
digit,1350
shortfal,1351
satellit,1352
halt,1353
compass,1354
unsurpass,1355
unrestrict,1356
chile,1357
shaken,1358
loss,1359
psycholog,1360
inadequ,1361
discoveri,1362
extra,1363
use,1364
certif,1365
valor,1366
powel,1367
speci,1368
de,1369
superb,1370
statist,1371
panel,1372
constitu,1373
armistic,1374
statu,1375
placement,1376
ultim,1377
enough,1378
prayer,1379
decept,1380
appalachia,1381
thing,1382
prove,1383
sorrow,1384
relat,1385
forefath,1386
distort,1387
terrifi,1388
move,1389
eisenhow,1390
cia,1391
horror,1392
fairli,1393
affili,1394
surpris,1395
resort,1396
daili,1397
lebanon,1398
suspicion,1399
declar,1400
tobacco,1401
preliminari,1402
transpar,1403
scarc,1404
cancel,1405
grown,1406
rebuild,1407
inquiri,1408
death,1409
assembl,1410
needless,1411
nine,1412
anderson,1413
boldli,1414
target,1415
featur,1416
close,1417
dividend,1418
twenti,1419
sixteen,1420
fourteen,1421
anyth,1422
elit,1423
auto,1424
rare,1425
expect,1426
rhodesian,1427
phase,1428
firepow,1429
shutter,1430
chose,1431
transmit,1432
outer,1433
tailor,1434
late,1435
framer,1436
strip,1437
groceri,1438
automobil,1439
saw,1440
partner,1441
caus,1442
onto,1443
gradual,1444
along,1445
defend,1446
ghetto,1447
limit,1448
hide,1449
incur,1450
worldwid,1451
enshrin,1452
disciplin,1453
concern,1454
iraqi,1455
attorney,1456
literaci,1457
worship,1458
bleed,1459
reconcili,1460
expens,1461
meantim,1462
invest,1463
incompat,1464
baltic,1465
miner,1466
perish,1467
rise,1468
provinci,1469
heavili,1470
kill,1471
tank,1472
doubl,1473
soul,1474
pledg,1475
therebi,1476
archaic,1477
hopeless,1478
temptat,1479
mental,1480
undisput,1481
financi,1482
indochina,1483
fall,1484
version,1485
short,1486
vessel,1487
fresh,1488
fractur,1489
encroach,1490
bleak,1491
democrat,1492
competit,1493
hurt,1494
unparallel,1495
voic,1496
profession,1497
retard,1498
withstand,1499
el,1500
clone,1501
ridg,1502
simpler,1503
accustom,1504
usa,1505
unjustifi,1506
bar,1507
given,1508
mail,1509
formal,1510
view,1511
sort,1512
employe,1513
closer,1514
colleagu,1515
catastroph,1516
uncontrol,1517
coach,1518
summit,1519
dictatorship,1520
optimist,1521
solvent,1522
hamper,1523
ir,1524
scourg,1525
unifi,1526
despair,1527
demonstr,1528
captain,1529
engag,1530
hizballah,1531
tragedi,1532
forev,1533
refinanc,1534
smart,1535
frontlin,1536
light,1537
particip,1538
decent,1539
ireland,1540
intent,1541
relev,1542
metric,1543
ran,1544
saudi,1545
vote,1546
overspend,1547
sandinista,1548
crystal,1549
demolish,1550
vulner,1551
podium,1552
immedi,1553
finger,1554
arrog,1555
vastli,1556
whole,1557
quest,1558
ratio,1559
wish,1560
inherit,1561
sit,1562
waterway,1563
helpless,1564
systemat,1565
stake,1566
stone,1567
adequ,1568
pretend,1569
undertak,1570
battlefield,1571
paper,1572
halfway,1573
drew,1574
cruelti,1575
alli,1576
environmentalist,1577
evalu,1578
reactor,1579
strike,1580
untap,1581
obscur,1582
mill,1583
organ,1584
veteran,1585
load,1586
mile,1587
accompani,1588
entitl,1589
prudent,1590
west,1591
reorgan,1592
disput,1593
breath,1594
profoundli,1595
undu,1596
inextric,1597
richer,1598
rush,1599
novemb,1600
word,1601
breakfast,1602
deed,1603
finest,1604
multipl,1605
easili,1606
overcom,1607
top,1608
korean,1609
lifetim,1610
depositori,1611
barri,1612
dc,1613
rediscov,1614
wait,1615
harvest,1616
glimps,1617
jr,1618
develop,1619
depreci,1620
minut,1621
escap,1622
vigor,1623
munit,1624
page,1625
soon,1626
manifest,1627
ineffici,1628
arabia,1629
hardwork,1630
serv,1631
kilowatt,1632
pet,1633
supplement,1634
combat,1635
kuwait,1636
strang,1637
usher,1638
speaker,1639
specif,1640
indulg,1641
bonus,1642
judici,1643
subdu,1644
parti,1645
rout,1646
seemingli,1647
victim,1648
mother,1649
expos,1650
engin,1651
preciou,1652
exclud,1653
boss,1654
definit,1655
indefinit,1656
address,1657
tranquil,1658
ronald,1659
separ,1660
relentless,1661
revolutionari,1662
locat,1663
program,1664
multin,1665
event,1666
anarchi,1667
coverag,1668
boost,1669
fought,1670
sight,1671
eye,1672
banker,1673
shot,1674
havoc,1675
welfar,1676
nobl,1677
honestli,1678
condemn,1679
floor,1680
urban,1681
hourli,1682
outlook,1683
battalion,1684
constitut,1685
keep,1686
dull,1687
institut,1688
experienc,1689
knew,1690
cargo,1691
video,1692
prevent,1693
name,1694
steve,1695
india,1696
haven,1697
homemak,1698
trail,1699
area,1700
bicker,1701
lawsuit,1702
suburb,1703
stagnat,1704
merg,1705
passag,1706
readili,1707
fifth,1708
wholeheart,1709
cleanup,1710
illinoi,1711
republican,1712
complianc,1713
instanc,1714
scenic,1715
coast,1716
succumb,1717
aris,1718
hinder,1719
realism,1720
incumb,1721
newspap,1722
brazil,1723
anchor,1724
batteri,1725
southeast,1726
arrest,1727
industri,1728
discourag,1729
tendenc,1730
despis,1731
sunset,1732
relief,1733
happen,1734
buyer,1735
raid,1736
nrc,1737
experi,1738
lincoln,1739
speedili,1740
safeti,1741
farm,1742
judiciari,1743
marketplac,1744
desper,1745
shift,1746
pillar,1747
overhead,1748
duplic,1749
rock,1750
hostil,1751
rang,1752
compel,1753
privat,1754
later,1755
fast,1756
submit,1757
mislead,1758
dramat,1759
vari,1760
across,1761
affront,1762
suffrag,1763
trap,1764
egyptian,1765
anew,1766
faster,1767
alarm,1768
fifti,1769
dozen,1770
erod,1771
emerg,1772
sand,1773
won,1774
regularli,1775
million,1776
process,1777
famili,1778
solv,1779
christian,1780
indonesia,1781
fy,1782
jew,1783
lenin,1784
letter,1785
prime,1786
climat,1787
mainten,1788
tyranni,1789
familiar,1790
woefulli,1791
sugar,1792
ampl,1793
agoni,1794
list,1795
shorten,1796
redoubl,1797
heroin,1798
incom,1799
execut,1800
sixti,1801
maintain,1802
protect,1803
endang,1804
potenti,1805
resum,1806
disincent,1807
indochines,1808
cloud,1809
distribut,1810
step,1811
draw,1812
ninth,1813
rostrum,1814
burma,1815
june,1816
dissent,1817
grand,1818
fight,1819
imagin,1820
serious,1821
medicaid,1822
oc,1823
romney,1824
togeth,1825
mention,1826
jersey,1827
redtap,1828
mainstream,1829
richest,1830
heal,1831
scope,1832
prenat,1833
super,1834
amanda,1835
proud,1836
subvers,1837
let,1838
background,1839
gene,1840
backlog,1841
leadership,1842
contrast,1843
opec,1844
presid,1845
verg,1846
syrian,1847
pile,1848
emiss,1849
manmad,1850
astronom,1851
intact,1852
injur,1853
realli,1854
academ,1855
want,1856
gloriou,1857
st,1858
swift,1859
london,1860
spirit,1861
plant,1862
embolden,1863
ironclad,1864
vanish,1865
geneva,1866
grace,1867
sun,1868
biomed,1869
block,1870
reverend,1871
standard,1872
earthquak,1873
totalitarian,1874
erect,1875
tower,1876
determin,1877
strong,1878
root,1879
blueprint,1880
china,1881
harmoni,1882
fault,1883
particularli,1884
end,1885
constraint,1886
rain,1887
falter,1888
announc,1889
coastal,1890
claim,1891
shall,1892
tuition,1893
crucial,1894
dismantl,1895
prosecut,1896
teeth,1897
dean,1898
gate,1899
true,1900
decemb,1901
ford,1902
septemb,1903
endur,1904
trim,1905
defens,1906
meanwhil,1907
collar,1908
ail,1909
discov,1910
quitter,1911
earlier,1912
ago,1913
commod,1914
otherwis,1915
phenomenon,1916
six,1917
warrior,1918
previou,1919
treat,1920
fine,1921
kick,1922
great,1923
soybean,1924
wheel,1925
gnp,1926
meet,1927
met,1928
stagger,1929
passiv,1930
urg,1931
held,1932
longshoremen,1933
mask,1934
illustr,1935
offset,1936
unavoid,1937
namibia,1938
mayor,1939
know,1940
ethanol,1941
place,1942
biden,1943
write,1944
durabl,1945
indian,1946
fabric,1947
exempt,1948
train,1949
outflow,1950
deni,1951
rebat,1952
militia,1953
immeasur,1954
henc,1955
loophol,1956
race,1957
level,1958
propos,1959
reintegr,1960
physician,1961
forese,1962
negoti,1963
cut,1964
fraught,1965
consult,1966
immun,1967
nest,1968
congest,1969
edg,1970
craven,1971
youngster,1972
bright,1973
rancor,1974
open,1975
deserv,1976
sap,1977
council,1978
congreg,1979
setback,1980
clock,1981
subsidi,1982
ammunit,1983
mortgag,1984
larger,1985
previous,1986
natur,1987
media,1988
formosa,1989
pursu,1990
soil,1991
curriculum,1992
tv,1993
debt,1994
challeng,1995
door,1996
schedul,1997
submarin,1998
threat,1999
yearn,2000
reduc,2001
extens,2002
unfair,2003
embark,2004
virtu,2005
window,2006
possibl,2007
defianc,2008
gramm,2009
obvious,2010
explos,2011
multipli,2012
imprison,2013
principl,2014
dental,2015
laboratori,2016
wrote,2017
research,2018
sidelin,2019
unwis,2020
fend,2021
assault,2022
satisfact,2023
quicker,2024
reli,2025
unif,2026
surround,2027
insid,2028
brought,2029
statehood,2030
visit,2031
survey,2032
railroad,2033
unneed,2034
biggest,2035
dominican,2036
implic,2037
shale,2038
congressman,2039
contempl,2040
recommend,2041
judi,2042
hillari,2043
handl,2044
catch,2045
cori,2046
subjug,2047
assign,2048
fee,2049
effici,2050
gift,2051
netherland,2052
trader,2053
entri,2054
relax,2055
pari,2056
dwell,2057
synagogu,2058
midst,2059
clean,2060
clearanc,2061
undertaken,2062
alien,2063
intern,2064
greater,2065
began,2066
pacif,2067
bomber,2068
waterg,2069
etern,2070
exclus,2071
alon,2072
commemor,2073
thoma,2074
deeper,2075
dictat,2076
remov,2077
shine,2078
spoke,2079
spread,2080
surveil,2081
bundl,2082
resent,2083
pump,2084
conclus,2085
valuabl,2086
wear,2087
fewer,2088
poorest,2089
rigor,2090
livestock,2091
adequaci,2092
hundr,2093
undercut,2094
vigil,2095
overtim,2096
payment,2097
display,2098
newsroom,2099
mad,2100
corrupt,2101
insul,2102
belief,2103
medicar,2104
necess,2105
hold,2106
emancip,2107
confin,2108
profit,2109
cabinet,2110
variou,2111
arithmet,2112
hour,2113
fleet,2114
millionair,2115
fear,2116
radic,2117
marin,2118
tangl,2119
widest,2120
repair,2121
knock,2122
newli,2123
impoverish,2124
guilti,2125
enrich,2126
portion,2127
jame,2128
lifesav,2129
heavi,2130
valid,2131
taxabl,2132
twice,2133
price,2134
smoke,2135
eloqu,2136
consciou,2137
stabil,2138
simultan,2139
mount,2140
complement,2141
superfund,2142
sacrif,2143
ad,2144
bet,2145
punish,2146
shortag,2147
acreag,2148
buse,2149
proceed,2150
extend,2151
inde,2152
choic,2153
liber,2154
ambit,2155
weight,2156
tradit,2157
today,2158
enslav,2159
publish,2160
plenti,2161
uniti,2162
outlay,2163
find,2164
written,2165
reassur,2166
excit,2167
wit,2168
cast,2169
offer,2170
commission,2171
save,2172
father,2173
histor,2174
angel,2175
robert,2176
bigger,2177
newtown,2178
skyrocket,2179
teenag,2180
sediment,2181
ugli,2182
technician,2183
mission,2184
headquart,2185
classifi,2186
worthi,2187
physic,2188
coffe,2189
command,2190
neighborhood,2191
freez,2192
tool,2193
korea,2194
collect,2195
hatr,2196
immens,2197
grandpar,2198
pretti,2199
airplan,2200
buffer,2201
tip,2202
patient,2203
underli,2204
tough,2205
forgiven,2206
simpl,2207
behind,2208
irrespons,2209
grader,2210
mark,2211
crossroad,2212
calendar,2213
captur,2214
cocain,2215
grit,2216
divers,2217
soft,2218
gratifi,2219
apollo,2220
matter,2221
enact,2222
awaken,2223
cloth,2224
mondal,2225
prize,2226
low,2227
abus,2228
effect,2229
sky,2230
campus,2231
believ,2232
invit,2233
gatt,2234
conquest,2235
geotherm,2236
sieg,2237
final,2238
trust,2239
hill,2240
hoover,2241
disintegr,2242
throughout,2243
hug,2244
dime,2245
success,2246
home,2247
sir,2248
asean,2249
inter,2250
rhetor,2251
pesticid,2252
disarray,2253
trial,2254
combin,2255
southern,2256
stem,2257
alleg,2258
limitless,2259
array,2260
repaid,2261
redwood,2262
extent,2263
slogan,2264
lung,2265
compact,2266
interven,2267
pervas,2268
caribbean,2269
radio,2270
parent,2271
museum,2272
warm,2273
atom,2274
champion,2275
ladder,2276
eros,2277
attitud,2278
clinton,2279
repress,2280
washington,2281
day,2282
badli,2283
somebodi,2284
categor,2285
buttress,2286
micheal,2287
margin,2288
tropic,2289
unmistak,2290
church,2291
joint,2292
hard,2293
economist,2294
assist,2295
moder,2296
significantli,2297
favor,2298
special,2299
fortitud,2300
gratitud,2301
tougher,2302
entrepreneur,2303
spoken,2304
centerpiec,2305
indiana,2306
momentum,2307
design,2308
unus,2309
rever,2310
marriag,2311
panamanian,2312
degrad,2313
search,2314
depress,2315
bind,2316
privaci,2317
artifici,2318
brezhnev,2319
focu,2320
wonder,2321
crude,2322
mandat,2323
conven,2324
intoler,2325
taxat,2326
countrymen,2327
buri,2328
racket,2329
voluntarili,2330
stori,2331
blockbust,2332
tribal,2333
curtail,2334
outweigh,2335
subway,2336
wildlif,2337
noth,2338
josefina,2339
hawaii,2340
shipper,2341
sum,2342
stock,2343
constant,2344
situat,2345
danger,2346
stress,2347
stale,2348
necessarili,2349
formul,2350
nomin,2351
predat,2352
packag,2353
reinvest,2354
restructur,2355
plainli,2356
capitol,2357
wesley,2358
unabl,2359
foreign,2360
creativ,2361
regard,2362
surviv,2363
reorient,2364
unearn,2365
afghanistan,2366
biofuel,2367
counterterror,2368
warfar,2369
somewhat,2370
payrol,2371
gorbachev,2372
awe,2373
indict,2374
homebuy,2375
contest,2376
unrealist,2377
secondari,2378
hire,2379
bless,2380
liberia,2381
appetit,2382
drink,2383
satisfi,2384
costli,2385
asylum,2386
michel,2387
seed,2388
settlement,2389
loom,2390
steril,2391
offshor,2392
storm,2393
eighth,2394
antidrug,2395
brother,2396
slaveri,2397
tyron,2398
includ,2399
environ,2400
come,2401
russia,2402
follow,2403
trend,2404
busi,2405
typic,2406
strongest,2407
piecem,2408
pope,2409
gateway,2410
outliv,2411
urgent,2412
armor,2413
clear,2414
membership,2415
bitter,2416
cardin,2417
without,2418
dealt,2419
immin,2420
pastor,2421
deadlin,2422
mass,2423
dream,2424
road,2425
awar,2426
rich,2427
diseas,2428
downpay,2429
zero,2430
sick,2431
unstabl,2432
manpow,2433
smile,2434
purchas,2435
good,2436
older,2437
tighten,2438
presidenti,2439
region,2440
applic,2441
timet,2442
investig,2443
tall,2444
michigan,2445
purpos,2446
unproduct,2447
woman,2448
absolut,2449
blame,2450
unsaf,2451
tide,2452
underemploy,2453
stagnant,2454
card,2455
wholesal,2456
heard,2457
licens,2458
visionari,2459
flow,2460
attend,2461
rage,2462
exodu,2463
haiti,2464
startl,2465
realiz,2466
rocket,2467
bicentenni,2468
sovereign,2469
safia,2470
code,2471
friendli,2472
associ,2473
liter,2474
disagr,2475
deem,2476
worst,2477
devot,2478
erad,2479
addit,2480
perform,2481
taliban,2482
gay,2483
stand,2484
spot,2485
sabotag,2486
freedom,2487
decontrol,2488
dread,2489
plagu,2490
ideolog,2491
jupit,2492
eeoc,2493
order,2494
heroism,2495
ussr,2496
teen,2497
lock,2498
highli,2499
reduct,2500
illus,2501
ident,2502
partnership,2503
colorado,2504
currenc,2505
testifi,2506
planet,2507
resist,2508
epidem,2509
gold,2510
rhode,2511
park,2512
telescop,2513
bondag,2514
comment,2515
glow,2516
show,2517
track,2518
monetari,2519
nigeria,2520
unlock,2521
flower,2522
trident,2523
shannon,2524
millennium,2525
surg,2526
buck,2527
emot,2528
reliant,2529
ineffect,2530
cooper,2531
john,2532
chief,2533
drive,2534
franc,2535
defici,2536
shuttl,2537
postsecondari,2538
reemploy,2539
hardli,2540
diminut,2541
frivol,2542
fanatic,2543
loyal,2544
quarrel,2545
hors,2546
arena,2547
connect,2548
dispers,2549
linkag,2550
pell,2551
recessionari,2552
alert,2553
book,2554
glass,2555
isolation,2556
acid,2557
river,2558
insecur,2559
expir,2560
fail,2561
diversifi,2562
notifi,2563
reauthor,2564
dole,2565
broadband,2566
problem,2567
district,2568
figur,2569
mistak,2570
delinqu,2571
confirm,2572
underground,2573
misfortun,2574
spent,2575
citi,2576
maze,2577
tenth,2578
terror,2579
bin,2580
character,2581
bodi,2582
expansionari,2583
aw,2584
manipul,2585
sister,2586
distant,2587
prescrib,2588
salari,2589
bold,2590
baker,2591
volunt,2592
alaskan,2593
mitig,2594
eras,2595
courag,2596
pioneer,2597
cambodia,2598
anguish,2599
fix,2600
genuin,2601
distrust,2602
unchang,2603
paralysi,2604
succeed,2605
lull,2606
award,2607
king,2608
handgun,2609
stack,2610
middl,2611
hope,2612
modif,2613
mayb,2614
conrail,2615
fold,2616
stair,2617
repel,2618
economi,2619
strive,2620
pleasur,2621
coalit,2622
idea,2623
intercontinent,2624
hole,2625
burden,2626
ohio,2627
credit,2628
outreach,2629
shelbi,2630
slip,2631
prepared,2632
bring,2633
incomprehens,2634
lunch,2635
grade,2636
welcom,2637
candid,2638
jordan,2639
forestal,2640
quadrupl,2641
detroit,2642
scholarship,2643
bust,2644
higher,2645
rather,2646
newborn,2647
contract,2648
fals,2649
merci,2650
dairi,2651
yardstick,2652
subordin,2653
access,2654
inventori,2655
upon,2656
keyston,2657
congressmen,2658
outcom,2659
shop,2660
juvenil,2661
client,2662
hydrogen,2663
litig,2664
flew,2665
citizen,2666
recruit,2667
promis,2668
winston,2669
charit,2670
titan,2671
fulfil,2672
log,2673
outmod,2674
aliv,2675
coincid,2676
tone,2677
vest,2678
enlarg,2679
fundament,2680
restaur,2681
deterr,2682
crippl,2683
digniti,2684
arabian,2685
forget,2686
hh,2687
smarter,2688
circl,2689
drought,2690
comparison,2691
airlin,2692
sever,2693
capabl,2694
person,2695
prepar,2696
turbin,2697
fed,2698
norm,2699
explan,2700
leaa,2701
corpor,2702
weaponri,2703
sound,2704
priceless,2705
fell,2706
counsel,2707
lack,2708
expel,2709
reimburs,2710
tirelessli,2711
invad,2712
protract,2713
size,2714
decreas,2715
tackl,2716
frontier,2717
entertain,2718
rank,2719
east,2720
ecuador,2721
lawmak,2722
saver,2723
pictur,2724
encount,2725
gr,2726
fit,2727
strictli,2728
recipi,2729
traffick,2730
refin,2731
earth,2732
instal,2733
mighti,2734
spill,2735
brief,2736
elimin,2737
waiver,2738
unshak,2739
preexist,2740
sophist,2741
pound,2742
shipment,2743
inact,2744
tri,2745
shake,2746
grate,2747
flag,2748
senior,2749
strait,2750
sentiment,2751
cannot,2752
tell,2753
recess,2754
fate,2755
merchant,2756
besid,2757
multipurpos,2758
islam,2759
materi,2760
markedli,2761
came,2762
coupl,2763
grant,2764
swallow,2765
violat,2766
annual,2767
desk,2768
side,2769
fluctuat,2770
rel,2771
unaddress,2772
kid,2773
curtain,2774
feed,2775
confer,2776
smooth,2777
oppon,2778
sport,2779
improv,2780
alaska,2781
easi,2782
resurg,2783
usual,2784
steward,2785
disloc,2786
murder,2787
safer,2788
memori,2789
runaway,2790
monitor,2791
diet,2792
curb,2793
cure,2794
cover,2795
servant,2796
stir,2797
south,2798
congratul,2799
rival,2800
outcompet,2801
peril,2802
proper,2803
folli,2804
infring,2805
premis,2806
delta,2807
sincer,2808
induc,2809
cheer,2810
overal,2811
squalor,2812
shadow,2813
may,2814
date,2815
diminish,2816
unaccept,2817
accordingli,2818
minist,2819
quit,2820
straightforward,2821
ocean,2822
valu,2823
subject,2824
allianc,2825
denial,2826
error,2827
bracket,2828
spite,2829
impos,2830
eagerli,2831
tire,2832
solid,2833
ambassador,2834
iv,2835
bulgaria,2836
whim,2837
subsequ,2838
sober,2839
cement,2840
abolit,2841
morocco,2842
press,2843
surfac,2844
data,2845
brighten,2846
sacr,2847
reward,2848
capit,2849
mexican,2850
law,2851
far,2852
nonessenti,2853
adapt,2854
turmoil,2855
underway,2856
ladi,2857
imprecis,2858
al,2859
boomer,2860
hit,2861
stimulu,2862
chairman,2863
similar,2864
rental,2865
desert,2866
evolut,2867
messi,2868
killer,2869
offici,2870
firefight,2871
arkansa,2872
titl,2873
obstruct,2874
yesterday,2875
equival,2876
career,2877
paycheck,2878
describ,2879
withstood,2880
kristen,2881
schuman,2882
agent,2883
stamina,2884
lo,2885
forthcom,2886
pilot,2887
tenet,2888
commonwealth,2889
apprenticeship,2890
nurs,2891
magnific,2892
deterior,2893
son,2894
rememb,2895
expediti,2896
heighten,2897
guest,2898
mix,2899
conflict,2900
reach,2901
fiber,2902
sulfur,2903
critic,2904
part,2905
moral,2906
crise,2907
plung,2908
occupi,2909
continu,2910
torch,2911
quarter,2912
becam,2913
confus,2914
governor,2915
hama,2916
peak,2917
grassroot,2918
capac,2919
often,2920
conscienc,2921
applaud,2922
sanctuari,2923
healthi,2924
wide,2925
seriou,2926
difficulti,2927
dedic,2928
owe,2929
bulk,2930
spark,2931
tightli,2932
creat,2933
empti,2934
volum,2935
navig,2936
smog,2937
crush,2938
homeland,2939
agenc,2940
carryov,2941
monopolist,2942
exemplifi,2943
uphold,2944
crime,2945
raw,2946
ratifi,2947
ton,2948
unjust,2949
voter,2950
sba,2951
seri,2952
bailout,2953
pro,2954
tape,2955
attempt,2956
belov,2957
uninsur,2958
improp,2959
rosa,2960
vaclav,2961
eight,2962
tech,2963
divert,2964
neglect,2965
maximum,2966
enlist,2967
messag,2968
bounti,2969
european,2970
add,2971
tear,2972
function,2973
squadron,2974
paralyz,2975
secur,2976
descript,2977
golden,2978
sooner,2979
splendid,2980
pleas,2981
suppress,2982
urgenc,2983
routin,2984
jungl,2985
empir,2986
interrel,2987
weigh,2988
workabl,2989
blood,2990
nevertheless,2991
ukrain,2992
miseri,2993
benefici,2994
poor,2995
accept,2996
polari,2997
unbeliev,2998
creation,2999
widen,3000
outskirt,3001
liquid,3002
reassert,3003
meant,3004
attain,3005
tom,3006
cdbg,3007
plain,3008
procedur,3009
worri,3010
overthrow,3011
gi,3012
forest,3013
slope,3014
mauser,3015
senat,3016
slowdown,3017
modern,3018
think,3019
regist,3020
aaron,3021
watch,3022
essenc,3023
rein,3024
layoff,3025
tap,3026
miracl,3027
rigid,3028
nam,3029
administr,3030
pull,3031
feder,3032
clinic,3033
seiz,3034
sometim,3035
calm,3036
institution,3037
half,3038
elector,3039
devis,3040
sens,3041
madrid,3042
help,3043
everywher,3044
read,3045
counti,3046
downturn,3047
steam,3048
certainli,3049
flaw,3050
taiwan,3051
reshap,3052
nonprolifer,3053
session,3054
grave,3055
start,3056
plight,3057
concert,3058
destroy,3059
viii,3060
proport,3061
unattend,3062
frighten,3063
infantri,3064
prospect,3065
imparti,3066
underscor,3067
wildfir,3068
shape,3069
venu,3070
alamogordo,3071
menomine,3072
battl,3073
suppos,3074
oper,3075
hous,3076
sealift,3077
manag,3078
prevail,3079
night,3080
street,3081
yield,3082
lag,3083
isra,3084
violenc,3085
berth,3086
judg,3087
difficult,3088
countrysid,3089
stronghold,3090
inject,3091
former,3092
surplus,3093
wealthier,3094
share,3095
humankind,3096
greet,3097
triumph,3098
distinguish,3099
dollar,3100
yet,3101
vast,3102
northeast,3103
silver,3104
somalia,3105
unilater,3106
pattern,3107
sex,3108
sandi,3109
excel,3110
egg,3111
thai,3112
scholarli,3113
lead,3114
conform,3115
ill,3116
continent,3117
univers,3118
hartley,3119
defin,3120
uncertainti,3121
settl,3122
unfulfil,3123
afloat,3124
handout,3125
consist,3126
chip,3127
profess,3128
toll,3129
unhappi,3130
forward,3131
port,3132
disarma,3133
stop,3134
inflat,3135
admir,3136
rieman,3137
jobless,3138
discredit,3139
strict,3140
technolog,3141
quietli,3142
land,3143
technic,3144
impli,3145
stiff,3146
hail,3147
impair,3148
culmin,3149
grass,3150
guess,3151
twentieth,3152
penalti,3153
prison,3154
avail,3155
within,3156
multi,3157
stabl,3158
proxi,3159
libya,3160
upward,3161
comrad,3162
simplif,3163
captiv,3164
strateg,3165
peacemak,3166
young,3167
civil,3168
test,3169
system,3170
alongsid,3171
ruler,3172
electr,3173
surpass,3174
procur,3175
avenu,3176
colleg,3177
firm,3178
hanoi,3179
rule,3180
mainland,3181
solvenc,3182
probe,3183
lesser,3184
venezuela,3185
york,3186
docket,3187
site,3188
suit,3189
frozen,3190
palestinian,3191
steven,3192
photovolta,3193
failur,3194
austria,3195
behalf,3196
extremist,3197
machineri,3198
troop,3199
structur,3200
custodi,3201
hostag,3202
attribut,3203
island,3204
vietnam,3205
einstein,3206
rancher,3207
aid,3208
discrimin,3209
corridor,3210
fha,3211
reinsur,3212
bear,3213
seat,3214
belaru,3215
jack,3216
needlessli,3217
leas,3218
hub,3219
dump,3220
declin,3221
notion,3222
posit,3223
visitor,3224
pick,3225
emul,3226
suprem,3227
assur,3228
tribe,3229
fascism,3230
tree,3231
patienc,3232
intergovernment,3233
task,3234
ordinari,3235
children,3236
ceaselessli,3237
statesmen,3238
uninterrupt,3239
pose,3240
cumbersom,3241
number,3242
bureau,3243
chanc,3244
split,3245
westward,3246
role,3247
feet,3248
reckon,3249
unpreced,3250
thu,3251
ripe,3252
facet,3253
parliament,3254
richli,3255
galleri,3256
certainti,3257
kappel,3258
steadier,3259
section,3260
observ,3261
premium,3262
round,3263
maritim,3264
instil,3265
scott,3266
conveni,3267
elabor,3268
propaganda,3269
decenc,3270
stalinist,3271
tutor,3272
anim,3273
omin,3274
miss,3275
commun,3276
enhanc,3277
translat,3278
loos,3279
cabl,3280
migrat,3281
instrument,3282
spain,3283
incid,3284
imponder,3285
honest,3286
alzheim,3287
anxieti,3288
plutonium,3289
liabil,3290
turn,3291
occas,3292
red,3293
weapon,3294
habit,3295
regret,3296
weed,3297
kentucki,3298
goal,3299
reckless,3300
prefer,3301
dynam,3302
touch,3303
farsight,3304
braveri,3305
peacekeep,3306
past,3307
understand,3308
basin,3309
hate,3310
remot,3311
jimmi,3312
forum,3313
retreat,3314
latin,3315
abl,3316
electrif,3317
weari,3318
ray,3319
ye,3320
broad,3321
proven,3322
nourish,3323
suzann,3324
manner,3325
underlin,3326
pornographi,3327
anywher,3328
due,3329
wic,3330
answer,3331
ba,3332
corp,3333
love,3334
clearer,3335
durat,3336
commit,3337
transmiss,3338
wartim,3339
collaps,3340
insuffici,3341
stream,3342
theodor,3343
guard,3344
form,3345
acr,3346
surrend,3347
sleep,3348
superpow,3349
untold,3350
suffer,3351
sea,3352
teamwork,3353
devast,3354
cartel,3355
ensur,3356
metal,3357
cancer,3358
richard,3359
appl,3360
infect,3361
remain,3362
banner,3363
live,3364
sail,3365
becom,3366
nassau,3367
household,3368
draft,3369
eve,3370
warrant,3371
endors,3372
trillion,3373
tnf,3374
reason,3375
congression,3376
algeria,3377
unlik,3378
civilian,3379
flourish,3380
herald,3381
bound,3382
agenda,3383
panic,3384
navi,3385
examin,3386
refocus,3387
recreat,3388
milk,3389
postpon,3390
foreseen,3391
huge,3392
tabl,3393
peopl,3394
center,3395
harri,3396
restrain,3397
request,3398
voluntari,3399
transform,3400
kansa,3401
imf,3402
amid,3403
involv,3404
felt,3405
took,3406
vacanc,3407
job,3408
misunderstand,3409
mastectomi,3410
sam,3411
delay,3412
armament,3413
truman,3414
accumul,3415
elig,3416
pipelin,3417
mccaffrey,3418
ingenu,3419
issu,3420
nuclear,3421
convinc,3422
heavier,3423
crumbl,3424
thousand,3425
avert,3426
abandon,3427
coal,3428
deficit,3429
gather,3430
doctor,3431
breakdown,3432
colombia,3433
bennett,3434
widow,3435
ravag,3436
bigotri,3437
airwav,3438
nerv,3439
modifi,3440
substandard,3441
latter,3442
celebr,3443
spiral,3444
head,3445
facilit,3446
transit,3447
proudli,3448
distanc,3449
lab,3450
singl,3451
produc,3452
ambiti,3453
orient,3454
acceler,3455
import,3456
patern,3457
invok,3458
overlap,3459
bay,3460
succe,3461
cindi,3462
oppos,3463
religion,3464
anymor,3465
furnitur,3466
deploy,3467
surgeri,3468
discharg,3469
fisheri,3470
slack,3471
turnov,3472
heart,3473
coordin,3474
illiteraci,3475
wealth,3476
starvat,3477
homebuild,3478
oxid,3479
slower,3480
sergeant,3481
mileston,3482
telephon,3483
prolifer,3484
advers,3485
consensu,3486
offic,3487
globe,3488
advent,3489
superior,3490
ban,3491
unreason,3492
hook,3493
inadequaci,3494
irresist,3495
percentag,3496
shock,3497
ida,3498
crusad,3499
rapidli,3500
remedi,3501
humanitarian,3502
mutombo,3503
practic,3504
outrun,3505
outsourc,3506
web,3507
winner,3508
begin,3509
obviou,3510
introduct,3511
content,3512
quantiti,3513
ink,3514
destin,3515
imper,3516
admiss,3517
earnest,3518
successor,3519
upcom,3520
scienc,3521
electron,3522
temper,3523
affair,3524
judgment,3525
merit,3526
bare,3527
outbreak,3528
joe,3529
staff,3530
knowledg,3531
health,3532
disrupt,3533
nobodi,3534
bedrock,3535
harder,3536
explain,3537
amaz,3538
infiltr,3539
eastern,3540
bryan,3541
sneak,3542
manifold,3543
hispan,3544
canadian,3545
march,3546
wild,3547
emphasi,3548
away,3549
none,3550
vii,3551
scandal,3552
idl,3553
clarifi,3554
australia,3555
oversight,3556
administ,3557
clark,3558
minimum,3559
certain,3560
call,3561
confid,3562
imperfect,3563
ear,3564
upper,3565
adult,3566
coher,3567
bargain,3568
introduc,3569
object,3570
argument,3571
copper,3572
entiti,3573
pronounc,3574
dr,3575
miracul,3576
steadili,3577
junior,3578
embarrass,3579
bill,3580
monday,3581
bench,3582
behavior,3583
restor,3584
wright,3585
hawkin,3586
renew,3587
alway,3588
defeat,3589
profound,3590
treasuri,3591
strategi,3592
taught,3593
symbol,3594
unimagin,3595
outdat,3596
behav,3597
aeronaut,3598
must,3599
asian,3600
apiec,3601
embryo,3602
lethal,3603
can,3604
sustain,3605
broaden,3606
war,3607
henri,3608
revolution,3609
philadelphia,3610
paperwork,3611
weekli,3612
ofccp,3613
saddam,3614
dad,3615
sectarian,3616
churchil,3617
injuri,3618
philosoph,3619
unalien,3620
perfect,3621
magnet,3622
fuel,3623
privileg,3624
drawdown,3625
unfinish,3626
ship,3627
contamin,3628
strife,3629
impress,3630
malaria,3631
cri,3632
tariff,3633
overwhelm,3634
livabl,3635
notabl,3636
perhap,3637
tripl,3638
resourc,3639
document,3640
poster,3641
daniel,3642
thou,3643
indo,3644
updat,3645
cost,3646
impuls,3647
hear,3648
dawn,3649
bushel,3650
sovereignti,3651
stringent,3652
nearbi,3653
interst,3654
resili,3655
sympathi,3656
brighter,3657
contenti,3658
andra,3659
increas,3660
non,3661
neighbor,3662
advanc,3663
protocol,3664
die,3665
recov,3666
futil,3667
scientif,3668
libyan,3669
construct,3670
pentagon,3671
gentlemen,3672
surplu,3673
broke,3674
manufactur,3675
threefold,3676
hunt,3677
regular,3678
oh,3679
quickli,3680
theori,3681
mistrust,3682
infc,3683
simplifi,3684
armi,3685
cap,3686
primari,3687
reinforc,3688
launch,3689
comfort,3690
abolish,3691
trip,3692
safe,3693
advertis,3694
dismiss,3695
versu,3696
cedar,3697
insur,3698
right,3699
engulf,3700
implement,3701
wilder,3702
toward,3703
dwight,3704
appear,3705
alreadi,3706
hand,3707
incomplet,3708
key,3709
bad,3710
bosnia,3711
stimul,3712
gaza,3713
jeopard,3714
worn,3715
pace,3716
sink,3717
thrust,3718
zimbabw,3719
convert,3720
effort,3721
ancient,3722
unsustain,3723
skeptic,3724
nafta,3725
fragil,3726
foolishli,3727
might,3728
line,3729
overview,3730
februari,3731
surgeon,3732
bonn,3733
heroic,3734
willing,3735
subsid,3736
breeder,3737
dissemin,3738
blight,3739
consid,3740
model,3741
tonight,3742
cigarett,3743
steroid,3744
corner,3745
seem,3746
polish,3747
arab,3748
excus,3749
discuss,3750
tennesse,3751
frequenc,3752
choos,3753
bipartisan,3754
meaning,3755
near,3756
hospit,3757
altern,3758
african,3759
camp,3760
hemispher,3761
neill,3762
wing,3763
nick,3764
properti,3765
spectrum,3766
georg,3767
august,3768
told,3769
aspir,3770
instruct,3771
fragment,3772
inspect,3773
vivid,3774
leav,3775
abundantli,3776
conceiv,3777
nutrit,3778
mountain,3779
cambodian,3780
burn,3781
sadli,3782
reestablish,3783
select,3784
map,3785
devic,3786
offens,3787
steel,3788
give,3789
fund,3790
fortifi,3791
vision,3792
compromis,3793
antitrust,3794
respect,3795
stewardship,3796
releas,3797
set,3798
stage,3799
chines,3800
disappoint,3801
nationwid,3802
un,3803
folk,3804
exhaust,3805
intellig,3806
distress,3807
thrift,3808
nixon,3809
nois,3810
appar,3811
anti,3812
compani,3813
interpret,3814
analyz,3815
ballist,3816
sixth,3817
biolog,3818
resolut,3819
despit,3820
outset,3821
viciou,3822
neither,3823
movi,3824
stranger,3825
perman,3826
inform,3827
solar,3828
wors,3829
impati,3830
prohibit,3831
pain,3832
logist,3833
suffic,3834
budgetari,3835
abort,3836
sunni,3837
cohen,3838
real,3839
hero,3840
jump,3841
segment,3842
fashion,3843
charter,3844
communist,3845
spell,3846
conting,3847
ito,3848
jacki,3849
nonfarm,3850
break,3851
stood,3852
faith,3853
everybodi,3854
forg,3855
cultur,3856
deadlock,3857
topic,3858
codif,3859
labor,3860
guidelin,3861
depend,3862
poison,3863
imag,3864
pension,3865
exce,3866
alik,3867
escal,3868
footbal,3869
forc,3870
month,3871
bed,3872
degre,3873
retaliatori,3874
philosophi,3875
wheat,3876
els,3877
onlin,3878
bloc,3879
shout,3880
wealthi,3881
desegreg,3882
cruel,3883
beach,3884
stronger,3885
firmli,3886
omb,3887
doctrin,3888
talent,3889
assassin,3890
gear,3891
confront,3892
evolv,3893
breakthrough,3894
possess,3895
confere,3896
string,3897
campaign,3898
ongo,3899
agre,3900
dwindl,3901
upgrad,3902
holiday,3903
presenc,3904
fare,3905
newer,3906
shortli,3907
bubbl,3908
feingold,3909
agreement,3910
auspic,3911
gross,3912
hum,3913
defi,3914
countervail,3915
creatur,3916
envis,3917
passion,3918
arrang,3919
superhighway,3920
pd,3921
david,3922
disun,3923
politician,3924
much,3925
statut,3926
symptom,3927
miscalcul,3928
flood,3929
wetland,3930
malnutrit,3931
intermedi,3932
score,3933
consecut,3934
similarli,3935
inflex,3936
chiefli,3937
play,3938
publicli,3939
consequenti,3940
obey,3941
wealthiest,3942
french,3943
carri,3944
compound,3945
thought,3946
mentor,3947
link,3948
thrive,3949
mileag,3950
spearhead,3951
reciproc,3952
fellow,3953
ownership,3954
lend,3955
moment,3956
got,3957
rip,3958
wisdom,3959
discard,3960
retali,3961
network,3962
game,3963
earn,3964
necessari,3965
sharpli,3966
bank,3967
cycl,3968
reliabl,3969
rejoic,3970
imposit,3971
default,3972
debit,3973
afterward,3974
accord,3975
bottom,3976
redesign,3977
someday,3978
deliveri,3979
rob,3980
penetr,3981
doubt,3982
fbi,3983
agricultur,3984
spare,3985
charact,3986
swamp,3987
deepen,3988
creed,3989
elain,3990
recent,3991
scatter,3992
fullest,3993
boom,3994
except,3995
employ,3996
appropri,3997
age,3998
cushion,3999
unfold,4000
primarili,4001
carlo,4002
servicemen,4003
farewel,4004
isol,4005
proof,4006
extraordinari,4007
ahead,4008
pass,4009
enrol,4010
extraordinarili,4011
unfairli,4012
notwithstand,4013
salt,4014
kept,4015
respond,4016
holocaust,4017
analysi,4018
cuban,4019
among,4020
medicin,4021
illeg,4022
zarqawi,4023
compli,4024
diplomaci,4025
environment,4026
eventu,4027
kampuchea,4028
explor,4029
homeownership,4030
europ,4031
furthermor,4032
thicket,4033
warhead,4034
mccain,4035
matur,4036
disclosur,4037
supervis,4038
georgia,4039
judgeship,4040
wast,4041
acquir,4042
seventh,4043
jet,4044
dispos,4045
freshmen,4046
lift,4047
widespread,4048
fighter,4049
enthusiasm,4050
rubbl,4051
negro,4052
lawyer,4053
movement,4054
student,4055
clinch,4056
attack,4057
closest,4058
betray,4059
unless,4060
mysteri,4061
speicher,4062
mere,4063
revenu,4064
promptli,4065
wellb,4066
reinvigor,4067
legaci,4068
western,4069
known,4070
youth,4071
highlight,4072
erupt,4073
eat,4074
ruin,4075
market,4076
orbit,4077
mess,4078
public,4079
hallow,4080
imperi,4081
istc,4082
turkey,4083
multilater,4084
villag,4085
damag,4086
interim,4087
withhold,4088
sponsor,4089
quo,4090
tehran,4091
numer,4092
illumin,4093
pearson,4094
encompass,4095
kennedi,4096
harm,4097
sino,4098
kathi,4099
stubborn,4100
bradi,4101
postur,4102
landscap,4103
govern,4104
tend,4105
forebear,4106
segreg,4107
hot,4108
kemeni,4109
horizon,4110
unduli,4111
hazard,4112
axi,4113
fidel,4114
toughest,4115
perspect,4116
characterist,4117
prolong,4118
kremlin,4119
assert,4120
juli,4121
defer,4122
refer,4123
formid,4124
prejudic,4125
depriv,4126
jim,4127
dilig,4128
counterpart,4129
ethiopia,4130
done,4131
enjoy,4132
fact,4133
televis,4134
peacetim,4135
empow,4136
net,4137
path,4138
dimens,4139
irrig,4140
infinit,4141
mid,4142
period,4143
sponsorship,4144
freight,4145
bloodi,4146
weaken,4147
unsettl,4148
bridg,4149
brink,4150
petti,4151
ruthless,4152
fossil,4153
homework,4154
troubl,4155
metropolitan,4156
mom,4157
taxpay,4158
earliest,4159
israel,4160
commerc,4161
friend,4162
financ,4163
regul,4164
vi,4165
constantli,4166
normal,4167
cornerston,4168
util,4169
depth,4170
abroad,4171
conduct,4172
unclear,4173
gasolin,4174
racism,4175
expedit,4176
shore,4177
remnant,4178
outlin,4179
support,4180
standbi,4181
reexamin,4182
item,4183
monthli,4184
blue,4185
cherrey,4186
discriminatori,4187
retain,4188
pay,4189
liberti,4190
struggl,4191
instantli,4192
pollut,4193
abraham,4194
combust,4195
substitut,4196
arbitrari,4197
struck,4198
societi,4199
full,4200
spend,4201
citizenship,4202
nightmar,4203
independ,4204
social,4205
cope,4206
tax,4207
contin,4208
unmatch,4209
deter,4210
hall,4211
boat,4212
rayburn,4213
return,4214
stockpil,4215
leagu,4216
militari,4217
generos,4218
foremost,4219
hiv,4220
sadat,4221
check,4222
brave,4223
fraction,4224
amnesti,4225
stark,4226
enforc,4227
stricken,4228
context,4229
poorli,4230
recoveri,4231
patriot,4232
misus,4233
eighteen,4234
consider,4235
valley,4236
imperil,4237
affirm,4238
qualifi,4239
permit,4240
statesmanship,4241
outrag,4242
ethnic,4243
departur,4244
index,4245
switch,4246
intend,4247
adher,4248
ideal,4249
longstand,4250
inner,4251
taken,4252
overdos,4253
inch,4254
stricter,4255
growth,4256
hunger,4257
foresight,4258
retir,4259
music,4260
bio,4261
quota,4262
sentenc,4263
suitabl,4264
injustic,4265
inexor,4266
salut,4267
reclaim,4268
augment,4269
diploma,4270
mechan,4271
twelv,4272
japanes,4273
grandchildren,4274
shackl,4275
reunif,4276
qualiti,4277
handicap,4278
meal,4279
worsen,4280
highway,4281
moon,4282
led,4283
preschool,4284
reap,4285
framework,4286
epa,4287
lesson,4288
apart,4289
slight,4290
tokyo,4291
afghan,4292
recal,4293
ceta,4294
exert,4295
appreci,4296
seizur,4297
harbor,4298
dri,4299
channel,4300
hydroelectr,4301
monopoli,4302
minnesota,4303
laid,4304
roadless,4305
synthet,4306
flexi,4307
weak,4308
pregnant,4309
begun,4310
phone,4311
workplac,4312
cash,4313
midwest,4314
menac,4315
unhappili,4316
knit,4317
diagnosi,4318
screen,4319
wrong,4320
elev,4321
greenhous,4322
benchmark,4323
cheney,4324
deposit,4325
stay,4326
endow,4327
seldom,4328
town,4329
paint,4330
ruthlessli,4331
april,4332
band,4333
advisori,4334
unleash,4335
disappear,4336
healthier,4337
swing,4338
crunch,4339
render,4340
soldier,4341
gravest,4342
czar,4343
deepli,4344
logic,4345
reconstruct,4346
appeal,4347
merger,4348
child,4349
reflect,4350
poverti,4351
indic,4352
clerk,4353
yeltsin,4354
poseidon,4355
extern,4356
organiz,4357
decisionmak,4358
coven,4359
robust,4360
case,4361
outsid,4362
businessman,4363
fruit,4364
displac,4365
undocu,4366
zarfo,4367
experiment,4368
prudenc,4369
surtax,4370
finish,4371
weather,4372
talk,4373
builder,4374
regim,4375
neutral,4376
benjamin,4377
wood,4378
wound,4379
luther,4380
nurtur,4381
fourth,4382
mandatori,4383
compat,4384
fraud,4385
salvador,4386
abund,4387
abstin,4388
department,4389
revis,4390
jefferson,4391
government,4392
abil,4393
ballot,4394
languish,4395
went,4396
ethic,4397
eager,4398
prophet,4399
mode,4400
curricula,4401
radiat,4402
dikemb,4403
store,4404
advic,4405
prescript,4406
squar,4407
spiritu,4408
restraint,4409
hardship,4410
revolut,4411
idca,4412
purpl,4413
crimin,4414
foe,4415
joy,4416
unsuccess,4417
replac,4418
report,4419
anyon,4420
dealer,4421
rose,4422
yugoslavia,4423
sharp,4424
holi,4425
major,4426
testimoni,4427
anticip,4428
reservoir,4429
hang,4430
lake,4431
helicopt,4432
horn,4433
entrust,4434
largest,4435
aisl,4436
brutal,4437
fester,4438
forth,4439
unnecessarili,4440
permiss,4441
overhaul,4442
contribut,4443
adopt,4444
dig,4445
exchang,4446
acut,4447
divis,4448
arsen,4449
destruct,4450
almost,4451
contradict,4452
ground,4453
pennsylvania,4454
overpay,4455
desilin,4456
realign,4457
tucson,4458
servic,4459
turkish,4460
bu,4461
romania,4462
loyalti,4463
exactli,4464
jackson,4465
obtain,4466
lower,4467
geniu,4468
extrem,4469
inaugur,4470
naval,4471
tyrant,4472
brussel,4473
auster,4474
acknowledg,4475
laughter,4476
outgo,4477
committe,4478
substant,4479
aluminum,4480
drug,4481
distinct,4482
fish,4483
reject,4484
slightli,4485
scholar,4486
disclos,4487
mr,4488
rescind,4489
aggrav,4490
secretari,4491
postwar,4492
byron,4493
fertil,4494
sanit,4495
equiti,4496
expertis,4497
magistr,4498
glad,4499
strongli,4500
humbl,4501
protection,4502
deep,4503
haul,4504
uniform,4505
toxin,4506
wiser,4507
sensit,4508
refuge,4509
surcharg,4510
hungri,4511
receipt,4512
frustrat,4513
entir,4514
activist,4515
cleaner,4516
likewis,4517
tlatelolco,4518
britain,4519
schwarzkopf,4520
innov,4521
discretionari,4522
central,4523
charg,4524
prosecutor,4525
mind,4526
interrupt,4527
orderli,4528
hussein,4529
shrunk,4530
accident,4531
news,4532
carter,4533
kind,4534
terribl,4535
tie,4536
librari,4537
slave,4538
peninsula,4539
silent,4540
collabor,4541
fade,4542
spotlight,4543
attent,4544
lighten,4545
decid,4546
adjac,4547
malaya,4548
specialist,4549
smallest,4550
gain,4551
underpin,4552
afraid,4553
focus,4554
decad,4555
next,4556
approach,4557
complet,4558
chariti,4559
women,4560
accomplish,4561
hardest,4562
skill,4563
forbid,4564
uncondit,4565
sleev,4566
postal,4567
gave,4568
contrari,4569
accur,4570
piec,4571
twilight,4572
concept,4573
threshold,4574
transcend,4575
treasur,4576
streamlin,4577
broadcast,4578
imbal,4579
either,4580
truck,4581
mississippi,4582
requir,4583
contradictori,4584
municip,4585
asid,4586
coercion,4587
diplomat,4588
legisl,4589
risen,4590
strengthen,4591
beat,4592
unbear,4593
gang,4594
pave,4595
swiftli,4596
astronaut,4597
beauti,4598
chemic,4599
pend,4600
drag,4601
redevelop,4602
feel,4603
chosen,4604
canada,4605
acquisit,4606
earli,4607
chad,4608
broader,4609
tragic,4610
varieti,4611
mean,4612
verif,4613
ceas,4614
myth,4615
grasp,4616
viabil,4617
markwel,4618
act,4619
rehabilit,4620
remaind,4621
worker,4622
dignifi,4623
northern,4624
byrd,4625
boy,4626
catalyst,4627
admit,4628
rivalri,4629
foundat,4630
regain,4631
unwarr,4632
businessmen,4633
adolesc,4634
small,4635
barrier,4636
languag,4637
money,4638
fill,4639
oversea,4640
oath,4641
detect,4642
directli,4643
abid,4644
apprais,4645
uncertain,4646
daughter,4647
baltimor,4648
allen,4649
inflationari,4650
sector,4651
indiffer,4652
automot,4653
tourist,4654
treatment,4655
predict,4656
plane,4657
bolster,4658
gridlock,4659
dropout,4660
iii,4661
vacant,4662
solut,4663
lessen,4664
bankruptci,4665
climb,4666
slowli,4667
cool,4668
havel,4669
mexico,4670
lost,4671
olymp,4672
disturb,4673
cd,4674
guy,4675
despot,4676
empower,4677
free,4678
ledger,4679
option,4680
proce,4681
infant,4682
equal,4683
thread,4684
nicaragua,4685
suppli,4686
zealand,4687
moreov,4688
udag,4689
mourn,4690
san,4691
panama,4692
strain,4693
rural,4694
alter,4695
leg,4696
consumpt,4697
re,4698
wipe,4699
dead,4700
wage,4701
post,4702
cruis,4703
dialogu,4704
andean,4705
teacher,4706
riddl,4707
sheer,4708
contractor,4709
virtual,4710
asia,4711
burgeon,4712
laugh,4713
art,4714
born,4715
summer,4716
birthright,4717
inland,4718
deceiv,4719
push,4720
codifi,4721
embodi,4722
southwest,4723
guid,4724
time,4725
hidden,4726
plot,4727
global,4728
care,4729
confound,4730
absurd,4731
anthrax,4732
court,4733
analys,4734
specter,4735
speak,4736
built,4737
decentr,4738
readjust,4739
medic,4740
bankrupt,4741
